-- phpMyAdmin SQL Dump
-- version 4.8.5
-- https://www.phpmyadmin.net/
--
-- Host: 127.0.0.1
-- Generation Time: 20-Dez-2019 às 21:42
-- Versão do servidor: 10.1.39-MariaDB
-- versão do PHP: 7.3.5

SET SQL_MODE = "NO_AUTO_VALUE_ON_ZERO";
SET AUTOCOMMIT = 0;
START TRANSACTION;
SET time_zone = "+00:00";


/*!40101 SET @OLD_CHARACTER_SET_CLIENT=@@CHARACTER_SET_CLIENT */;
/*!40101 SET @OLD_CHARACTER_SET_RESULTS=@@CHARACTER_SET_RESULTS */;
/*!40101 SET @OLD_COLLATION_CONNECTION=@@COLLATION_CONNECTION */;
/*!40101 SET NAMES utf8mb4 */;

--
-- Database: `helpos`
--

-- --------------------------------------------------------

--
-- Estrutura da tabela `anexo_ticket`
--

CREATE TABLE `anexo_ticket` (
  `idanexoticket` int(11) NOT NULL,
  `url` text,
  `idticket` int(11) NOT NULL
) ENGINE=InnoDB DEFAULT CHARSET=utf8;

-- --------------------------------------------------------

--
-- Estrutura da tabela `atendente`
--

CREATE TABLE `atendente` (
  `idatendente` int(11) NOT NULL,
  `nome` varchar(255) NOT NULL,
  `email` varchar(255) NOT NULL,
  `senha` varchar(255) NOT NULL,
  `status` enum('A','I') NOT NULL,
  `foto` text NOT NULL,
  `custohora` float DEFAULT NULL
) ENGINE=InnoDB DEFAULT CHARSET=utf8;

--
-- Extraindo dados da tabela `atendente`
--

INSERT INTO `atendente` (`idatendente`, `nome`, `email`, `senha`, `status`, `foto`, `custohora`) VALUES
(1, 'Matheus Brunelli', 'matheus.brunelli@gazin.com.br', 'de979380332bcdff326f9aa2571e78bc003edf41', 'A', 'data:image/jpeg;base64,/9j/4AAQSkZJRgABAQEAYABgAAD/4UC4RXhpZgAATU0AKgAAAAgADwALAAIAAAAmAAAIzgEAAAQAAAABAAAIIAEBAAQAAAABAAAJ2AEPAAIAAAAJAAAI9AEQAAIAAAAPAAAI/gESAAMAAAABAAEAAAEaAAUAAAABAAAJDgEbAAUAAAABAAAJFgEoAAMAAAABAAIAAAExAAIAAAAmAAAJHgEyAAIAAAAUAAAJRAITAAMAAAABAAEAAIdpAAQAAAABAAAJWIglAAQAAAABAAAYwOocAAcAAAgMAAAAwgAAGMgc6gAAAAgAAAAAAAAAAAAAAAAAAAAAAAAAAAAAAAAAAAAAAAAAAAAAAAAAAAAAAAAAAAAAAAAAAAAAAAAAAAAAAAAAAAAAAAAAAAAAAAAAAAAAAAAAAAAAAAAAAAAAAAAAAAAAAAAAAAAAAAAAAAAAAAAAAAAAAAAAAAAAAAAAAAAAAAAAAAAAAAAAAAAAAAAAAAAAAAAAAAAAAAAAAAAAAAAAAAAAAAAAAAAAAAAAAAAAAAAAAAAAAAAAAAAAAAAAAAAAAAAAAAAAAAAAAAAAAAAAAAAAAAAAAAAAAAAAAAAAAAAAAAAAAAAAAAAAAAAAAAAAAAAAAAAAAAAAAAAAAAAAAAAAAAAAAAAAAAAAAAAAAAAAAAAAAAAAAAAAAAAAAAAAAAAAAAAAAAAAAAAAAAAAAAAAAAAAAAAAAAAAAAAAAAAAAAAAAAAAAAAAAAAAAAAAAAAAAAAAAAAAAAAAAAAAAAAAAAAAAAAAAAAAAAAAAAAAAAAAAAAAAAAAAAAAAAAAAAAAAAAAAAAAAAAAAAAAAAAAAAAAAAAAAAAAAAAAAAAAAAAAAAAAAAAAAAAAAAAAAAAAAAAAAAAAAAAAAAAAAAAAAAAAAAAAAAAAAAAAAAAAAAAAAAAAAAAAAAAAAAAAAAAAAAAAAAAAAAAAAAAAAAAAAAAAAAAAAAAAAAAAAAAAAAAAAAAAAAAAAAAAAAAAAAAAAAAAAAAAAAAAAAAAAAAAAAAAAAAAAAAAAAAAAAAAAAAAAAAAAAAAAAAAAAAAAAAAAAAAAAAAAAAAAAAAAAAAAAAAAAAAAAAAAAAAAAAAAAAAAAAAAAAAAAAAAAAAAAAAAAAAAAAAAAAAAAAAAAAAAAAAAAAAAAAAAAAAAAAAAAAAAAAAAAAAAAAAAAAAAAAAAAAAAAAAAAAAAAAAAAAAAAAAAAAAAAAAAAAAAAAAAAAAAAAAAAAAAAAAAAAAAAAAAAAAAAAAAAAAAAAAAAAAAAAAAAAAAAAAAAAAAAAAAAAAAAAAAAAAAAAAAAAAAAAAAAAAAAAAAAAAAAAAAAAAAAAAAAAAAAAAAAAAAAAAAAAAAAAAAAAAAAAAAAAAAAAAAAAAAAAAAAAAAAAAAAAAAAAAAAAAAAAAAAAAAAAAAAAAAAAAAAAAAAAAAAAAAAAAAAAAAAAAAAAAAAAAAAAAAAAAAAAAAAAAAAAAAAAAAAAAAAAAAAAAAAAAAAAAAAAAAAAAAAAAAAAAAAAAAAAAAAAAAAAAAAAAAAAAAAAAAAAAAAAAAAAAAAAAAAAAAAAAAAAAAAAAAAAAAAAAAAAAAAAAAAAAAAAAAAAAAAAAAAAAAAAAAAAAAAAAAAAAAAAAAAAAAAAAAAAAAAAAAAAAAAAAAAAAAAAAAAAAAAAAAAAAAAAAAAAAAAAAAAAAAAAAAAAAAAAAAAAAAAAAAAAAAAAAAAAAAAAAAAAAAAAAAAAAAAAAAAAAAAAAAAAAAAAAAAAAAAAAAAAAAAAAAAAAAAAAAAAAAAAAAAAAAAAAAAAAAAAAAAAAAAAAAAAAAAAAAAAAAAAAAAAAAAAAAAAAAAAAAAAAAAAAAAAAAAAAAAAAAAAAAAAAAAAAAAAAAAAAAAAAAAAAAAAAAAAAAAAAAAAAAAAAAAAAAAAAAAAAAAAAAAAAAAAAAAAAAAAAAAAAAAAAAAAAAAAAAAAAAAAAAAAAAAAAAAAAAAAAAAAAAAAAAAAAAAAAAAAAAAAAAAAAAAAAAAAAAAAAAAAAAAAAAAAAAAAAAAAAAAAAAAAAAAAAAAAAAAAAAAAAAAAAAAAAAAAAAAAAAAAAAAAAAAAAAAAAAAAAAAAAAAAAAAAAAAAAAAAAAAAAAAAAAAAAAAAAAAAAAAAAAAAAAAAAAAAAAAAAAAAAAAAAAAAAAAAAAAAAAAAAAAAAAAAAAAAAAAAAAAAAAAAAAAAAAAAAAAAAAAAAAAAAAAAAAAAAAAAAAAAAAAAAAAAAAAAAAAAAAAAAAAAAAAAAAAAAAAAAAAAAAAAAAAAAAAAAAAAAAAAAAAAAAAAAAAAAAAAAAAAAAAAAAAAAAAAAAAAAAAAAAAAAAAAAAAAAAAAAAAAAAAAAAAAAAAAAAAAAAAAAAAAAAAAAAAAAAAAAAAAAAAAAAAAAAAAAAAAAAAAAAAAAAAAAAAAAAAAAAAAAAAAAAAAAAAAAAAAAAAAAAAAAAAAAAAAAAAAAAAAAAAAAAAAAAAAAAAAAAAAAAAAAAAAAAAAAAAAAAAAAAAAAAAAAAAAAAAAAAAAAAAAAAAAAAAAAAAAAAAAAAAAAAAAAAAAAAAAAAAAAAAAAAAAAAAAAAAAAAAAAAAAAAAAAAAAAAAAAAAAAAAAAAAAAAAAAAAAAAAAAAAAAAAAAAAAAAAAAAAAAAAAAAAAAAAAAAAAAAAAAAAAAAAAAAAAAAAAAAAAAAAAAAAAAAAAAAAAAAAAAAAAAAAAAAAAAAAAAAAAAAAAAAAAAAAAAAAAAAAAAAAAAAAAAAAAAAAAAAAAAAAAAAAAAAAAAAAAAAAAAAAAAAAAAAAAAAAAAAAAAAAAAAAAAAAAAAAAAAAAAAAAAAAAAAAAAAAAAAAAAAAAAAAAAAAAAAAAAAAAAAAAAAAAAAAAAAAAAAAAAAAAAAAAAAAAAAAAAAAAAAAAAAAAAAAAAAAAAAAAAAAAAAAAAAAAAAAAAAAAAAAAAAAAAAAAAAAAAAAAAAAAAAAAAAAAAAAAAAAAAAAAAAAAAAAAAAFdpbmRvd3MgUGhvdG8gRWRpdG9yIDEwLjAuMTAwMTEuMTYzODQAbW90b3JvbGEAAG1vdG8gZyg2KSBwbHVzAAAAAABIAAAAAQAAAEgAAAABV2luZG93cyBQaG90byBFZGl0b3IgMTAuMC4xMDAxMS4xNjM4NAAyMDE5OjEyOjE5IDE2OjM0OjIzAAAggpoABQAAAAEAABLqgp0ABQAAAAEAABLyiCIAAwAAAAEAAAAAiCcAAwAAAAEA+gAAkAAABwAAAAQwMjIwkAMAAgAAABQAABL6kAQAAgAAABQAABMOkQEABwAAAAQBAgMAkgEACgAAAAEAABMikgIABQAAAAEAABMqkgMACgAAAAEAABMykgQACgAAAAEAABM6kgcAAwAAAAEAAgAAkgkAAwAAAAEAEAAAkgoABQAAAAEAABNCknwABwAABUAAABNKkpAAAgAAAAcAABiKkpEAAgAAAAcAABiSkpIAAgAAAAcAABiaoAAABwAAAAQwMTAwoAEAAwAAAAEAAQAAoAIABAAAAAEAAA/AoAMABAAAAAEAAAvQoAUABAAAAAEAABiiohcAAwAAAAEAAAAAowEABwAAAAEBAAAApAIAAwAAAAEAAAAApAMAAwAAAAEAAAAApAQABQAAAAEAABi2pAYAAwAAAAEAAAAA6hwABwAACAwAAAre6h0ACQAAAAEAABDDAAAAABzqAAAACAAAAAAAAAAAAAAAAAAAAAAAAAAAAAAAAAAAAAAAAAAAAAAAAAAAAAAAAAAAAAAAAAAAAAAAAAAAAAAAAAAAAAAAAAAAAAAAAAAAAAAAAAAAAAAAAAAAAAAAAAAAAAAAAAAAAAAAAAAAAAAAAAAAAAAAAAAAAAAAAAAAAAAAAAAAAAAAAAAAAAAAAAAAAAAAAAAAAAAAAAAAAAAAAAAAAAAAAAAAAAAAAAAAAAAAAAAAAAAAAAAAAAAAAAAAAAAAAAAAAAAAAAAAAAAAAAAAAAAAAAAAAAAAAAAAAAAAAAAAAAAAAAAAAAAAAAAAAAAAAAAAAAAAAAAAAAAAAAAAAAAAAAAAAAAAAAAAAAAAAAAAAAAAAAAAAAAAAAAAAAAAAAAAAAAAAAAAAAAAAAAAAAAAAAAAAAAAAAAAAAAAAAAAAAAAAAAAAAAAAAAAAAAAAAAAAAAAAAAAAAAAAAAAAAAAAAAAAAAAAAAAAAAAAAAAAAAAAAAAAAAAAAAAAAAAAAAAAAAAAAAAAAAAAAAAAAAAAAAAAAAAAAAAAAAAAAAAAAAAAAAAAAAAAAAAAAAAAAAAAAAAAAAAAAAAAAAAAAAAAAAAAAAAAAAAAAAAAAAAAAAAAAAAAAAAAAAAAAAAAAAAAAAAAAAAAAAAAAAAAAAAAAAAAAAAAAAAAAAAAAAAAAAAAAAAAAAAAAAAAAAAAAAAAAAAAAAAAAAAAAAAAAAAAAAAAAAAAAAAAAAAAAAAAAAAAAAAAAAAAAAAAAAAAAAAAAAAAAAAAAAAAAAAAAAAAAAAAAAAAAAAAAAAAAAAAAAAAAAAAAAAAAAAAAAAAAAAAAAAAAAAAAAAAAAAAAAAAAAAAAAAAAAAAAAAAAAAAAAAAAAAAAAAAAAAAAAAAAAAAAAAAAAAAAAAAAAAAAAAAAAAAAAAAAAAAAAAAAAAAAAAAAAAAAAAAAAAAAAAAAAAAAAAAAAAAAAAAAAAAAAAAAAAAAAAAAAAAAAAAAAAAAAAAAAAAAAAAAAAAAAAAAAAAAAAAAAAAAAAAAAAAAAAAAAAAAAAAAAAAAAAAAAAAAAAAAAAAAAAAAAAAAAAAAAAAAAAAAAAAAAAAAAAAAAAAAAAAAAAAAAAAAAAAAAAAAAAAAAAAAAAAAAAAAAAAAAAAAAAAAAAAAAAAAAAAAAAAAAAAAAAAAAAAAAAAAAAAAAAAAAAAAAAAAAAAAAAAAAAAAAAAAAAAAAAAAAAAAAAAAAAAAAAAAAAAAAAAAAAAAAAAAAAAAAAAAAAAAAAAAAAAAAAAAAAAAAAAAAAAAAAAAAAAAAAAAAAAAAAAAAAAAAAAAAAAAAAAAAAAAAAAAAAAAAAAAAAAAAAAAAAAAAAAAAAAAAAAAAAAAAAAAAAAAAAAAAAAAAAAAAAAAAAAAAAAAAAAAAAAAAAAAAAAAAAAAAAAAAAAAAAAAAAAAAAAAAAAAAAAAAAAAAAAAAAAAAAAAAAAAAAAAAAAAAAAAAAAAAAAAAAAAAAAAAAAAAAAAAAAAAAAAAAAAAAAAAAAAAAAAAAAAAAAAAAAAAAAAAAAAAAAAAAAAAAAAAAAAAAAAAAAAAAAAAAAAAAAAAAAAAAAAAAAAAAAAAAAAAAAAAAAAAAAAAAAAAAAAAAAAAAAAAAAAAAAAAAAAAAAAAAAAAAAAAAAAAAAAAAAAAAAAAAAAAAAAAAAAAAAAAAAAAAAAAAAAAAAAAAAAAAAAAAAAAAAAAAAAAAAAAAAAAAAAAAAAAAAAAAAAAAAAAAAAAAAAAAAAAAAAAAAAAAAAAAAAAAAAAAAAAAAAAAAAAAAAAAAAAAAAAAAAAAAAAAAAAAAAAAAAAAAAAAAAAAAAAAAAAAAAAAAAAAAAAAAAAAAAAAAAAAAAAAAAAAAAAAAAAAAAAAAAAAAAAAAAAAAAAAAAAAAAAAAAAAAAAAAAAAAAAAAAAAAAAAAAAAAAAAAAAAAAAAAAAAAAAAAAAAAAAAAAAAAAAAAAAAAAAAAAAAAAAAAAAAAAAAAAAAAAAAAAAAAAAAAAAAAAAAAAAAAAAAAAAAAAAAAAAAAAAAAAAAAAAAAAAAAAAAAAAAAAAAAAAAAAAAAAAAAAAAAAAAAAAAAAAAAAAAAAAAAAAAAAAAAAAAAAAAAAAAAAAAAAAAAAAAAAAAAAAAAAAAAAAAAAAAAAAAAAAAAAAAAAAAAAAAAAAAAAAAAAAAAAAAAAAAAAAAAAAAAAAAAAAAAAAAAAAAAAAAAAAAAAAAAAAAAAAAAAAAAAAAAAAAAAAAAAAAAAAAAAAAAAAAAAAAAAAAAAAAAAAAAAAAAAAAAAAAAAAAAAAAAAAAAAAAAAAAAAAAAAAAAAAAAAAAAAAAAAAAAAAAAAAAAAAAAAAAAAAAAAAAAAAAAAAAAAAAAAAAAAAAAAAAAAAAAAAAAAAAAAAAAAAAAAAAAAAAAAAAAAAAAAAAAAAAAAAAAAAAAAAAAAAAAAAAAAAAAAAAAAAAAAAAAAAAAAAAAAAAAAAAAAAAAAAAAAAAAAAAAAAAAAAAAAAAAAAAAAAAAAAAAAAAAAAAAAAAAAAAAAAAAAAAAAAAAAAAAAAAAAAAAAAAAAAAAAAAAAAAAAAAAAAAAAAAAAAAAAAAAAAAAAAAAAAAAAAAAAAAAAAAAAAAAAAAAAAAAAAAAAAAAAAAAAAAAAAAAAAAAAAAAAAAAAAAAAAAAAAAAAAAAAAAAAAAAAAAAAAAAAAAAAAAAAAAAAAAAAAAAQAAAB4AAACqAAAAZDIwMTk6MDg6MTQgMTc6MTY6MjkAMjAxOTowODoxNCAxNzoxNjoyOQAAABMrAAAD6AAAAJkAAABkAAAAtQAAAGQAAAAAAAAABgAAEJoAAAPoTU9UAAEBAQEAR1UAAAIAAAAQAAADYlUSAAQAAAABAAAAWlUCAAEAAAABXwAAAFUDAAEAAAABIgAAAFUxAAgAAAABAAcAAFVAAAEAAAABXwAAAFVQAAEAAAABXwAAAFVhAAgAAAABAAAAAGb/AAMAAAABACgAAHAAAAEAAAABAQAAAHABAAgAAAAB/R4AAHACAAgAAAAB/1wAAHADAAMAAAABAmcAAHAEAAMAAAABAUgAAGZfAAkAAAABAAAAAGZgAAkAAAABAAAAAGZhAAkAAAABAAAAAGZjAAkAAAABAAAAAGZkAAkAAAABAAAAAGcDAAIAAAAGAAADcmcAAAIAAAAOAAADeGZAAAIAAAAFAAADhmcBAAIAAAAJAAADi1XpAAIAAAALAAADlGcCAAIAAAAWAAADn2cEAAIAAAADVEoAAGcGAAIAAAADNjUAAGcFAAIAAAAKAAADtWYSAAMAAAABAdwAAGYTAAMAAAABA0AAAGYUAAMAAAABA0EAAGYVAAMAAAABAg0AAGZCAAMAAAABAeQAAGZDAAMAAAABA0YAAGZEAAMAAAABA0cAAGZFAAMAAAABAh4AAGZPAAMAAAABAEAAAGZQAAMAAAABAEAAAGZRAAMAAAABAEAAAGZSAAMAAAABAEAAAGZUAAsAAAABP30Vn2ZVAAsAAAABP3jSsGZWAAsAAAABP3+qx2YPAAMAAAABA9IAAGYJAAMAAAABUUAAAGYKAAMAAAABvvoAAFXnAAkAAAABAAAA61XlAAkAAAABAAAAmVXoAAkAAAABAAADEFXmAAkAAAABAAADYmQ7AAIAAAAWAAADv2RTAAIAAAA0AAAD1WRUAAIAAAAWAAAECWQAAAIAAAADT04AAGQzAAIAAAACMAAAAGQ0AAIAAAACMAAAAGRRAAIAAAAEMC44AGQQAAIAAAAEWUVTAHEOAAIAAAAcAAAEH3EQAAIAAAAPAAAEO1URAAQAAAABAAALT3EPAAIAAAAPAAAESnEUAAIAAAAPAAAEWXEWAAIAAAADe30AAHEXAAIAAAAFAAAEaGTQAAIAAAASAAAEbWZeAAIAAAAXAAAEf2Q8AAIAAAAFAAAEllYCAAIAAAAuAAAEm2RQAAIAAAAxAAAEyWQgAAIAAAA5AAAE+gAAAABQUFdTMjkuMTE2LTE2LTYAU0VNQ08AMTctMTgyLTI5LTE1NQAweDQ1ADI4QzIxMTExAEpIQzg1MzFCMzAAU0VNQ08gMTIyTE8xKEhhZXN1bmcpADIwMTgvNi8yNwA1OyAyLjI1MzEzOyA4LjU3NDE5OyAAMzMzMzMzMzMuMzMzMzMzOyAzMzMzMzMzMy4zMzMzMzM7IDQxNjY2NjY2LjY2NjY2NzsgADU7IDIuMjUzMTM7IDguNTc0MTk7IAAxMTkuODgyOyAxMTkuODgyOyAxMTkuODgyOyAARk9DVVNFRF9MT0NLRUQANDIyNjQyMzE3MTMzOTEAMjMyMTcwNjA0NTU1NTUATk9ORQBIZHIgU3RhdGUgTWFjaGluZQBiYWNrLW1haW4tbW90X3M1azJsN3NhADM1MDgAKCAwICkgMTA1LjkxMzsgKCAwICkgNjQuODIxNjsgKCAwICkgMTUwLjM5NzsgACggMCApIDAuOTk2OTY4OyAoIDAgKSAwLjM2MjI0MzsgKCAwICkgMC44MDQ3MDQ7IABTY2VuZTogSERSfE1vcnBob0hEUjogTWVyZ2U6IFNVQ0NFU1MsIEFsZ1Jlc3VsdDogT0ssIDMvMwAAAAAAAAAAAAAAAAAAMTA1NTk2AAAxMDU1OTYAADEwNTU5NgAAAAEAAgAHAAAABDAxMDAAAAAAAAAAAABkAAAAZAAAAAAAAAAAAAAABgEDAAMAAAABAAYAAAEaAAUAAAABAAAZFgEbAAUAAAABAAAZHgEoAAMAAAABAAIAAAIBAAQAAAABAAAZJgICAAQAAAABAAAnigAAAAAAAABgAAAAAQAAAGAAAAAB/9j/2wBDAAgGBgcGBQgHBwcJCQgKDBQNDAsLDBkSEw8UHRofHh0aHBwgJC4nICIsIxwcKDcpLDAxNDQ0Hyc5PTgyPC4zNDL/2wBDAQkJCQwLDBgNDRgyIRwhMjIyMjIyMjIyMjIyMjIyMjIyMjIyMjIyMjIyMjIyMjIyMjIyMjIyMjIyMjIyMjIyMjL/wAARCAEAAMEDASEAAhEBAxEB/8QAHwAAAQUBAQEBAQEAAAAAAAAAAAECAwQFBgcICQoL/8QAtRAAAgEDAwIEAwUFBAQAAAF9AQIDAAQRBRIhMUEGE1FhByJxFDKBkaEII0KxwRVS0fAkM2JyggkKFhcYGRolJicoKSo0NTY3ODk6Q0RFRkdISUpTVFVWV1hZWmNkZWZnaGlqc3R1dnd4eXqDhIWGh4iJipKTlJWWl5iZmqKjpKWmp6ipqrKztLW2t7i5usLDxMXGx8jJytLT1NXW19jZ2uHi4+Tl5ufo6erx8vP09fb3+Pn6/8QAHwEAAwEBAQEBAQEBAQAAAAAAAAECAwQFBgcICQoL/8QAtREAAgECBAQDBAcFBAQAAQJ3AAECAxEEBSExBhJBUQdhcRMiMoEIFEKRobHBCSMzUvAVYnLRChYkNOEl8RcYGRomJygpKjU2Nzg5OkNERUZHSElKU1RVVldYWVpjZGVmZ2hpanN0dXZ3eHl6goOEhYaHiImKkpOUlZaXmJmaoqOkpaanqKmqsrO0tba3uLm6wsPExcbHyMnK0tPU1dbX2Nna4uPk5ebn6Onq8vP09fb3+Pn6/9oADAMBAAIRAxEAPwDmNchWB7V1GMPtP4itSyI+ww8dEANeaz0i0nSujbZP4LAx80MpU+3OacdmTLdHLsUjxuONxwKkGM1mabkysvXb9TWta2rKkcsibdwDKCOcdjVx1Jk7HO6gu3xPKwABZo3OK17u6htYg8rhR0wTyau12Rczf+EjtR/FgD1B/wAKeniCF2AULtPctVqDIlNI0NI8VppVyt5JCWjdShVTg+uefoPzrqLP4iaZcMqtGYsnGWJOP0reKsjmk+Z3OptNStbtQY5ME9AwKk/nVwcirMwo7UwCloAWigBaUUgFooA+f/FkapFOVHEc2Rx0GaNObfZKfTIrgZ6K2Li9M10Fgxfw5fQ4yN4Y+2RgURCRyOpA/ZS3905rZhVWhyO44pWKTJ7dPl7GtyTmytDjBWPYeOuCaqOxEmcP4muVsdVE7H70II9yGNchqPiKa7mLN16KM8Ct6cepjOXQqRXT7fMkYc9Bin/a3c72LYHRT/M1skYtjpL24uJDIz5PpWjZ3yBVWWJue6nvQB2ejeIXiURGVhbqM/McAD2z1rqNP8b7WkSArdRoARvk2sB3454pkWOq0nxJY6mTEG8m4X70Uhww/wARWyORTEFFACiigBaKQC0UAeHeKQtwLxgMCVPMH1Iz/OsnQZA9ltzyMH9P/rGuBnoo1hWzosuI7yE/deLcfwpIGc5qC4t5l/u/0q/pj77CFj1MYz9aYF2DADDPerV7qdtp+j/aLmXZFET9ST6VcURN2PINd8QS6tctcOdo+6i5+6tZETljkDA/vGupKyOaTLsMQkYEttUcZJ5p9xNBESFOF/M1RLIo5E35TLewFa9nHcXDABo4wMHkjNCQjeWPzIUUh7jjB6KBWbO0FvNlVuIZB/EgHH5GmwRr6VrkbqtvdOySKQYLhTh4iOhGe3tXr3gzxF/b2lfviovIPknC9CR0YexpA0dJRTJFooAM04UgFopgeKaztlSNx92SEAcemV/pXN+GseRKv8QIB/An/GuA9FG+g5960tHIF/tOcOhWpGzJv0/eTqe+aNFk3afFz0LD9TTEWbm/gsUZ5XAAPbr6mvPvEniB9XnESbktE5Ck/ePqa3pR6mNSXQ5uQh2z1/lUsW5eSO3FdBzsd9oJOF5/pUgKMy7vmIHIFAF23aJCN4x2CirEuqpHujt41T5ecdTQJlqzN15RkRvKizlnd9oPfipIrtZnco/mberY+UfXNMSJWu9NlRYpIxHIP+WyZx+X+Fb/AIe1mbw/rAeMo0b4V1DEBl9cUmM9m0rXLXU7LzY5kLqcMCeQa043WVA69CKaJHGmk0AApQaAH0UAeK3A3WFt/s5ArmtDPlaneQns5/nXB0PROgXhqtWLFdQhYH+KpGRajHsvJB1yTWHaTPa6dcyKcCCVs+w2/wCOPzqoiZxGoaretdXFpLITiUh+euDWbKSW5GSe1dkVZHHJ3Y4AIAW/ClkYn5R1PWqJHbNkfozdxTrRdkjEHnuaBdR00xZtqZU5pYBFGSztnaOAO5qkhM0YWa7t9zsVWP8AID0ApsUqrmJyfKJzkcZoBF6L7L/FNcem0Qhv61YlXyICYZSdvJVlIKH3FFguamkeITbzF4lwCPm2n9RXrngTVje6NsdiTFIygnuvBH6Go6lNaHW5zzTSaogM0oNAC5ooA8aRzJpiIf8Almxx+P8A+quXhPkeKLhem8A/mK4D0ToBw1TQtsmRvRgakZNq+1bkknrjr71yN9fJZ2epoyqwchcHpk5/wq4K7Jk9Dz8EvMXLZOeST1NTIMN8x5FdqOJ7izhTIhQ5BAz7U0AKx3duTTEac0sK2rMf9YECxqB0PqazkDLb9epyaBIFBkkP05NJwrbew5OaoDXWYf2TtRRktz681ltdv5oVAcg0gJ0OXHmI5zyQWxUjuc7reVjtXhHPX2oEFncsJcqSrLz+den/AA114WmqNaTy4gm+6G5AaoZfQ9mi3KgVjzjI+lPNUQJSg0ALRQB4zavmzlT0O4fpXNah+68SQSDo8YH5GvPR6PU3wcgGngnNIZY1mETRwsTw6DOPxrzLxQstnM0byhvMAPHcD6//AF61o7mdX4Tm13eXxxk06Fz5hJPbFdhxkygZBzn1pshYEnNIZJO++KE45C4NNy/lhB1piJWPz5QYHXFQkgswPpTQi5YzHEkZG4Ecio8mOMuFyxJOTSvqOxGt5Kj4bkZ6AdKezIAWQc989qYWEgbFyrHOG4NdFpV++nXcVwjjcrcKR19fw/xpMEe4eFfFX9rARyfK6nAQ+mPWuxpIkSgUwHZooA8XsvmZ1HdTXO+If3d7ZSj1ZTXAj0jcibfCjeoBqUGkBdvsvp9s+OmRXl3jsZ1aD3g/qa0o/EZ1fhObJAAx2AFIrAEqO1dhyEiygde1OkP7vPc4pAPTLBQTUm5cs2MKKYELyncD2p+FkGc7Wx1oETW0e5lYNslU4yDw1dRZaMLuJSyr06ispysb0ocxmaroctpKxVeKxZNw+XFVCV0RUhZiJlTz2rShInKA5BwAcetWyEd3oGpW+lxxl0lLjkED73Ixjnj+f4V7bpV+up6XDdoCqyDIB6ikiWWs5NGaYh2aKAPFbNytyuO/FY/idMWkUneOYGvPW56TL9k++yib/Zq2tIC9J8+jr6o5H86818eqv2iyf+Io4P0yK0o/EZ1fhOMYkUq9K7jjF3kdOvrT/MyAKVhkqSbSOelSr869eM0AhzR5XIWmIrk4XOBSuVa7Ow0DQg6RzyYO8Z2la7qC2SNAqIFHoBiuGpO7PQpQ5UQ3lhHcwFWUc1x974dGXK8YORTp1LE1KdzAudPktm+ZCAeMkVpeG9KfUNdtrZXRfMkABddw/LvXYndHFKPKz37TfDNsttHFdwQyxxghQYx8x9cdvw/M1vQwxWtukEKKkaDCqvQVRiOzRmgQu6igZ4rBxMh96qeJog2n3IOeCGH4GvPR6LG6S+/TojntWgpoGaUAD6VcADJU5/lXlvjyU/2jbRkcCLt7k/4VpR+IzqfCV7PwRql5YC5Bij3LuWNydxH9K52aGW1meCZCkiHDKexrohUUnYyq0XBJsbtzS7TnIFaGBLHHvOMVoC3KBUxyeppSZcYlgWrPtA59auR2Kl47VTlpTzgdB3rCUzphA9A0622hAowAOBW6kWEz3964mztS0GGPGeOKqSW6MSCtK5VjK8Q2ETaHcS7AGjGQce9cZpFy1pq1nMrMpEqtkdRg9a7qLvE8/Eq0j6ZsL0X+m294AB50SyYHbIBqwTXQjiEpDQITcaKAPFVOGB9OafriGW1nA/jiJH5V5/U9MyPDzl9OAPY4rZWh7gaem/NHdRj+KMn8ga4HVrWO+8ZWccqbo4IfNfPfBY4/lVQdncErtI27YXC28t+0j5cnag6VyHiSymu7oXfk9V5YD71Ok7Sub4qN4WOZKYfFaemaHd6m+Io/lHVj0rqlLlVzzYQcnY6y28GrbxiSR98g54HFVL2w+zSnKgkHiub2nMzq9moohjligByNx/h210Hh3TUmd7uV1MhHygdqJLQqL1Ort4xG2OwrSjAYYrmaOlDZI9oxioPK3ipKMzxMoh8LXrH+6o/8eFeYPcx+bZxw7g6RgOSMZYkn19CBXbh/hPPxXxH03oaumgWCyqVk8hCykYIJAyK0a6jhYU2gQUUAeKZ6VbugGt4j13Jg1556RzHh59hmtz/Cx/Q//Xrol602Bp6KQ2orGeQ6lT+NcjLAZPGhjJIVrQg/TeM/zNC6lw+JFu51SZZGhgtVZEG0KegFYWoXF/HaZeAeU24hlGdvtRDc3rvQ5/RdKk1bUAoX5c5Y16tYadFZWywxIAAKqvPoc9CFlclnYIuKwdRhgnU7m+bt7VhFmslc5+fSAfmjkbcfXmot+padzEwZR6CuhST0OeUWtUbekeK2m+S54YcV11pqKSAFWyCOtZzjY3pSui99oV15NSxPHwCQc1ibHNfESc2/h+KNRxJMNw9QAT/MCuQ8CaBN4m8WwtLH+4D+fcNtwNoOcD69PxrvoL3DzcS/fPpMLgADsMClrc4wppoGJmigR4mOlXQN1nG3oxFeeemczpqeTrl5Gf7xI/Hmt8U2IuadJ5eoQt6NWBq832Tx1GowNyMg/PP9KEVHRovz2JPmXsWVQrkqe1R6tHG2kIjAEuAoz3JqE9TpqbD/AA9pkdjaYCANnk1ugHpjNTN3ZMFZEFzB5qEHvXMarBNbKZFOcUobgzJXWERA0wKY46ZqC81aCZP3Mik+xroUHuYOavYqW5FxJhhh+zDrXQ6ZLNbuBuJQDFEnoVBa3N5b8jkmrVvqKGRSZAPXJrFI3vY07nwmfGdzaFrgR2FurmVkILFmxgAfQHn3rtPD3hnTvDVq0FjG2XOXkcgu3pk+ntXfSVoI8mvK82bPam1ZgJSGmAlFAHh+cVdhlzp7rn7rZxivPPTOeZhH4jJzjzFB/pW0HpsSJoptk8bejA1znj9jBqtrqC5V0k/wP+NOHxBLRXO1RlltUeMh4nQEY6EEVz1+3+k26LgIgP4VktzpnqjcseLccVaB5AqJbjjsSFNwqhe2H2iFkxRHRjaOJ1PQZlyNgZfQ1lJopD4eLAHpXVGehzzp63NWx04iYHYdo45rqrTT0aLOO1ZSZrBHKanqh/tGW0gXCRnaX7kjg0y3027u2BW5fnoAK1irGUnc9q8BaNeaRpMhvCRJOwZUJOQoHGffk111dS2PMk7sQn3phYDvTERtNGvVwPxqvJqFtGcNKufbmi4WI/7Utf8AnofyNFFwszxypYSQkgzjKn/P6VwM9Iwr5lXU7dyea1y9N7CBZORWd8QIxPpizA52lWPH4f1oh8SCfwspeD9cv5NJntCQyWwARj1wc8fhWhNcBlTP3wOaJq02XCTcFc6WxfFrF7jJq8nTNYPc2Q/zD0/OkL5HBoRZnz280hxgYNVm01QMuKpMTVx0Voo6AAVt6fBmMgLmkNaHkl9Zzza3PtZk/enOOo57V6l8ObB4PtNzcQo00LBEMjBeCM7setdiadjgqJxTPQDfTHo8S/mf6VG95IB81wf+AR/4mteY47EJuy+Q00rfRwv9KYZGb7scjf7zMaVx2GiOZj8ttj6r/iakFrcn+FVPtgfyFK47Dvst3/z2/wDHzRRcDyYMAakVx69eK5Xsdxzepf66Jz1VsfnWwj7okPqooewdQVzVXxa5bw5uAzlVDfnRB+8gl8LKHguD/iSXEuOXlOPoAKs4D3LqSPlBwfU1cvjY4aRRt6dejyo0B9jmtuOcECsJI2ixfMG8jIye1OXGetQaIkDAdaq3M6rxTRQQnp7102h2wd+eOOKpEPY5OLTLZdYeOeMb9xw3frXf6ZaRR2ShYnLHOdvA/Otqb1ObEq0STz4VkEflZJ45cmpY7i0ZN3kcDqducVtc4C1DJbv/AKsp9B1qU0ARswVSx6AZqgNZtzKF2uATjcRQDLXnp60UXA8XLYpUb5sn61zM7luYusfIshHZwR+dXLSQtax59CKf2RvclD//AF6XUIftmgyQ98HH16ipWjuNq6sSeH7M2nhyCMjDFSx/EmsFrlVuJST34q46tsHpFFu0vV86MZPAzj1JNben6iJCqMeetEojhI2I4VMglAyxGM+1TAbW5zWDN0KxyOKzXKnUlSRsIo3HNNFl6S5gQqVIOK2dL1VF2sMenWmQ9RLqBH1V5wOrbvxPNdkkD/2csIbY5Uc46VrRWpy4t+6kV4NMEbl5ZS7YIHGAKWysTaTSHzNyMMAYraxwWLElrDIclAD6rwarT+ZbJuScsP7rDNMoj+1y4BLwcjuTmqk9vDO+9iqk9dgPNFgaJN0f/PV/++KKLAeSFuKVGGRXMdxm6su5JPdaTTHzbY9DTXwg9yyDzVpWJtJFXnn+dQUjbSIRWixjoq4rzrXEaz1V1HCt8w/GtKO5NXYghuvmwrcqOKv2Ny/2hcnCscE1rJGcJHdabdK0OGbnPrVx5kB+8K5ZLU64vQjW/tVkVN4LE4rJ1eOK4fek3luBwQe1VGIcxy8ShLstFMyupySDwR9K67TUvrhUnt4GeAtjfuAA+tXJERldnbWSCW8DlQUQ7mz39BW+1/Kfuqv4A1pSWhy4mV5WIGv5M8yAH0wBSefPJwHc/TP9BWtjmuILe7c8QSt7lT/U08addt/yzx9SBVcouYeNHuCMtKi+2407+xCfv3AH+6mf5mnyi5hP7AT/AJ+n/wC+BRRyi5jxXfnntSiQKeTXHY9EjvVEq5YZGOtZ+myo29UzjjilHYctzQbCMFd1ViMgFgCR61d0pVmn2hlYZBODnpVSpSSuyI1YuVkb8gwMVyHirTBcW7Ton7yMZBHpWVN2kjaorxOGgkxLgnGOtaVvNiVeeCRn2rtkjiizoNL1GR7sHcNgU7hVTVdcke78pWIQds1goe8dDn7pHDfTs4YBvrjoPamXFzePwd2MZAxV2VxXbRWtYbkXJfY5BU5OK7nwFrxt459NuDmFzuTP8J9qJJNBG8dz1Lw/b211YPckMyPIQuGIBA4zx75rYFpaLyLdOPXJ/nW0I2icVWbc2yRQiD5Y0X6KBTvMb1qjO4ofikzzTACaTNACZooA+ZvsU54a7lPGPvH/ABpraUpyWlc/WuK56di/bxmC0MKszKBkKao6SStzLxwCR+tXSjzSsRVlywuL4gfbqAZ5Np8oFNw6Dp/PNbnguzKQTXrMW81sLxgYHX9f5VviXaBy4VXnc6iU/Pt7Vn30IliZCMgivNjuepLY8u1qyOn6k+AQrHK0Wv711CngH5q9G943PPtaVjXt8xSF0BAYYostPW91DzGHyDkccVi3bU3SvobtzpgVVaFtgHUAVWeO7hAYRiZe+w4I/Coi7nVGBPbaiina4KZ4IKmq188Nvd2xtwBJLldq/wA/1qoJ3M66tE960RPs2jWsT7U2xqpHTkAZ/XNX/PhyR5qZHUbhXUeS9w81P76/nTsg9CDRcQm4g0oamAuaCaAEzRQB4WBb5wIsU8CLtFXAkenzD/PVeAg/Osi5mjmuS6KoI4OPWuvCx965y4uXu2KGuae2oXNsVOMYVm/2T/n9a7bTIorayhghXEaKABUY16pFYJaXLj4J96q3CnHFcKO9nG+KLEz27zfxIMjiuPtLg28/Iz9a7qT5o2OKsuWVzbguTcPlmAAXtW3ZKRCrwnJ7gVnNWNabTJJdTNuv71SB34qG116zaXCzhT6NxUxizojVUXZm2Lq1e3aSZk8vHzH1ri9RvT5rXkcQQK4WMZ+6BW1KOphjKqtZGedTuJG3Myk+pUGpxrN+igLdSKBwApwBXTynl8wv9q3xOTdSfi1Pj1zUI2/d3cyH1DU+VBc0rXxnr8DgJqlzj0LnH6V6v4I8aXGq/a7bUypmh2tG6Ly4Ocgj2xUtWGtTvkYOqkEcjIwwP6jilNIAooA8JHandOT0rjjFt6HfKSirsqzzgFlAOQud2eBWOJNtw3TaWLV6VKnyI86rU52aEbmWHPGQR+H/ANatnS70SxAZ5HB9q5sZC6udGClZuJql89DUTyDo1eaeojKv4w6N3BFeb6tYtZ3TYB2E9a6sO9bHNiY6XK0FwVyM9q2NP1lrLlcEt69q6Zxuc0J2NdtVivIH80AjoAao2trYh/MblScMM1ik0dHMmamjQHWvEVvZw7ltw68DvzUPjSz+xXt7b8ZS45x7gH+tbQVkclWV5HJqeBUmRt+Y1sYE8ckLIV3YY9Mjg0zo2McinYQ+EZlFdx4cnltn1B4jtdvKQHHHUnH4gEVnM0ien+Ehcyz+a0ryRLGclx0LbcLnvjB/MV1x61KBhRTEeEKkgC7sBiOmahkWRh8oLcHI6HpnitaVJQXmRWrObt0GSQkLkDPy8EkjGcd+SR78VkPHmfODw1bGS2NCGNxN8kbP8vKrnOPpT7WX7NqMZ/5ZTg7TjGeccj8CKxrxvBo3oStNM6RWyAaa7huGFeOe0mUrgYBANc9qlkl1CVYYI6VcHZinHmRxs1hNC7AjoCfwqpvIfrXoRd0eZKLi7E3nNt27j1qaK7fhc0couY9G+GWxNXe6uA3lxpnA65yCO47VQ+IdzDd61qU8OfLeZGXIx/AtW4WSZjzpyaOIBHSmz5O0dsUwLml+Q1yEuSojPHzGo8jcQDkAkA02wLFnzNmvUPhrZpe6tqaSoGQLHkEfWsp7lxPVobW4t18uGaFIV4RfI5H1IIz+VP8AIuCfnu2/4AgH880CF8hv+fmb/wAd/wAKKAPHIYI5C/Hb5QST9fQj8zUkkQQDaAen3ufxx6+/WuuxyNmZfPhiGyX57DsPes2O3adkKghWP3jwM0FIrXetadpxAkY3kwH3FPA46Ht6cjJp2naxH4gja2WBYbmNg0Sq3zMvfGep6HHHf3rNu5tFW1OtsnMkA3Eb1+V/rT5oz1ryJx5ZNHsU3zRTKkoOKzZ4y1JGqMq7sI5FO6sG60lBzEcHNdFOdjmrQT1MyaIxHa33hVzStPe9uBGilnONqjqxJ6V2R1OCeh3lpr0fgy+h067tHy2yV3B4wRz/AJ9qy/Gpja+vXibdG7RurYxkFEI/nWk3pY54L3rnH9xUg2sMN17GoNC1K1rOlvGtukDJjzJVdiX6c4PTv09aS5SGO5ZYG3RjofWgY+zBEw9zXr3wmRjeaxLj5R5a5/76rOW5Udj1LNJmgQZopAeO7Srqy8+1HmbW2lR7V2s4zO1IeYQzY2kjOO9c5q1xO/8AotuzJCOH2nBYj+g6fhWbZrExZdGYpkDFZbwz2M4YblZTkMKg1T6HpHhTXxqdsyS4N4mNxY43j+prpwBImQPqPSuLEws+Y78LPTlZWljwTx+lZ0sGc8VyJnazOntWY47VQu7YRRZxzWsWZTMGDTEu5DPcTpHGzEDnkY9vetzTtSstNIj0hSJ0+9OQCzjuM9uM9K9Gmjy6z3On8eaL/bHhe21mBSZLVRuAXlozjP5dfpmuM1z/AI8+H3AwwnJ/3ErWsYUXdHOdRT8HjisjWxN5Mm3O0/lQEf8Aump5kVystWGTMPavY/hJIWj1hNoAEkZz3PDf4VL3Gtj0vvRTICigZ5B5beWWUZzzTkiE6BTkP2rrbOQqXNk0ibccHgVQOkqRypJB5yM1lJmkRz6T8mwA5PtWRe6QksR3J06Ukyjnlgm0e+WeDOAcHHFekWF61xAlwqFXdA7J2IPp7ioqQUo2Nac3GSZqYWeEOnINVTbfNXktWdj2otNXRWntsDpWNe28k4KL06Fj0Fa01d2M6rUY3OT1GX7RefZLc/6PDHg4HDMOp/pSaBbkXr/Lnb1+hr1oo8abvc9O8OagbmP+xboEwsrKCe4PauK8YaeumXE1ksvmiJI134xn5Vp1djKjpJnH+1bPha2gvfE1lb3QDQmTLKf4sAnH44rCbtE6qavJI9juodM+zBfsMJULgL5S8e3Ssr/hGdGu49rWiKx/iiOwj8Bx+lcDm09D1XTi0V5vhZIB9o0y+jlwMiKX5WPsG6H8cV0nw70q/wBDt9TjvrKSKV5lK5HDADsehreFS5w1KdtjtTNOfuxY+tN/0pv7q1sc4eXdf3x+VFFguebrHhNuevT2pogZZNx6nkYrrZxJk4hwCHHXpT3tWxuXp3FZSNUAhRWUDoR19DVC909WU4XkfyqFuWc3faas8TgDB7U3w3qUcEosbs7JFBWNm6Mv932PpViR10P7mTcP9Ux2lcdD61fNr3ByDyDXnYmNpXPVws7xsZ2oJsiJrkbmUzahb2oJCod8g7EnkA/lVYZa3Fi37tjJ0nSnu0vLlBnbhFA79zW34V0dPt1y9ynBGAucYr1oxPGnM6yGCztLlFtY2a4PQ5zjtXFfEGMxatdLkn91ETn/AHRUVVoOi/eODSnxTPBMssTlZFOVYcEGsGro6k7O51Vn45nUBLxC+P4k/wAK6LTvFNndTKkVx856KQQf1rjqUWtUehTxClozsLDWnUqN+fbNay+IxGM7sc1gm0auKkdBpmopqNmJkxkHawq5mu+DurnmVI8smgoqjM81UA7ck4qRlUBWxkKefxrraONF8wpsTOD6nHWmBDGxAHArFmqGPGjO2xst1xUEmej8Njj3pWHcxLuEBtw64x9TXMappgmAcAg881dgTLGheJzYypaaqxKL8qTnqvoD7e9ehafIjr5JYNxuQg5DCuXEQvG524WfLKxT1yApasyjtXBafYm88VrbsG8q5nUZ6FTgZ7YP6VGFjdM1xcrWNHwwnk6NOWyD5hJ/Kr9sfsqSS8F5DxzXrR2PFl8R0+h2yxB3f5pmAJJ7VwnxCs7m41q4eG2mkRokG5YyRnHrWFeSS1N8NFyloeeG2li4kUofRuKaIjnqK5lJHW4NCGPB5IpApH3W568U73CzRv6Jr19FcpDJI0iZABY8rzjrXcw3DS8OxrjrRSeh3UJuUdTtfCt8sS+STgMea7OtKErqxz4qPvXEorc5Ty9ZVwF4wegqzG4xsIG1s12s4kXIJTKhjxkgYBJq7CuRtYc9M59axkaRK1xa+XOkgxycGqrSKx8qQbWHf0pRGyhdwlQxxu/CsqaLcmQuRmtLEXOc1fTA6NIq/Kwpvh7XZtJuI7K+kb7MD+6k7xH/AArOUbqxvCXU9OvpkvtDlk+Uuq846H3HtXFaYTBrIldHJQo4wM7c/wD6qywseVyR0YqfMos0bS3S1m1C0OPkupFA9s4FMiHmSkdoufxrvjsebLc3bK5wVOflzg1NfXURXAz7Yrzca/esexlsV7Nszp/LnTy5EV0PVWGRTf7B0eePEmnW2fURAH9K89SaO6UUylN4Y0SPJXTofxGaxr3wVp92ubbNtJ2KHK/lWirSTI9jFo5m88N6no8hkki82EZ/exc4HqR1Fa2j6s91ArEHcOG9M1pUalG6M6UXGVmddpt6ySIwOK9M0q/W9tQc/OowwqKMrSsPEwvC/Y0KK7TzjwO58QvZ3DR/ZA3lnAJc+v0qUeLmiCl9OznlT5xwevt612NnKo6E1l4xYTqgs8O2AoEmcfU4FaMXjUC4K/ZSEJIQ+ZyeTg9MAfj2qGh2sWT41gYFJrKaNuSuT1wMk/y/E1Qv/FkBnKw224lRgs5UDqfQ56D86lDaKLeJ7tkjCwReaVyBgv34xg9OvPtSRardzXyxTWmyOUna4BH069+K0RDSsWJBlGjI6g9R/n3rnNT09nDHqAuRx0pyQoSNfwxr5t4pNJum3RTIVikY/cJ6A+2fyp8c8i6xMsvmK0YRQOeMAZBP1NZwVm2bTleKRpazJ5HiXU255kST8WRW/rUthH5cJLHLMMmuiHwnPU3L1vIm7vjGK5vxFrs2mXrRbTKixhzlsHJLf4VzYqkpK51YLEOm+XoZEfjq3yC0MykdeAR/Ote18bafKADcbG9HUj9elebKg1seqsQpbmjDrlreghJ0b3Vs1dtZFB5IIPpWLi1ubKStoXt8bc5BqGPQtOuXJSJYpGPJQbc1OqGtTXtfBiqu4MM9RzmtHTLObTdViTJ2PlSPw4q4fEjOo/daOn5orvPLPDdUkntrU3cSxiQFcnYGzz71nvqt6tuzrtbjo1umP5VtWm4yVjpy7C069Obne67G3pNpJq+qWQW/0mzWVlTy5FUTksByEYc8niq9zcXFo3lT3Wj3sgAGbdN2wA4O4YAz836Gm5OxywoqU1BvdmvewXWn2BujqHh+5EYB8mEKzsMjgCpUs5rhBN5ltE00zrAn9nu+4Buc5+ZmwCcIG6c4qITbOjF4WNFrlb17kljA17LcwwuGjQ8S28SEnpwfL80Dn8aqXlqLCWJxJM7FtpEr7sDBPTykx0Hf8+1qb5rGP1eLoupcrS4kiyRg1k3UbNGSrc10HnrRnPXcB8pWXAIODgVraddNqaD5iLiLAcJwzpwM/hjH0+lRszbdHS6tEsmrRzAELPa28nP/AFzUf0ogdW3c9sDmtYfCZVPiFSOeRnEKM5VdxwM4rlvFFhe3d6WhtZZN0CqxUfxZb/EVhiKkUrM2w1GcpcyWhyn/AAj+qgE/2bcn/tmacnhrW5yNmnyoPV8L/OuP2kbHoKlIbJ4a161YOLOU4OQ0Z3fy5q7aeJ9V0t/JvoHcDjEilWFS+Sa0LXNB6nX6Z4hF5EriKRFYcbxjNbsN2WTg1ySVnY60+pftNfvbJwBJlR2JrprbWo9QaOZlKNEQz47ilHSSKqRTjc6Hz4v+ei/nRXonkHizyRzQfZ5FD5OCDyDVUWtizsPsyHhhjLDP5Gu5wT3OOFacPhdh09layPFKoKMirsKORtx6HrxQljaxJIywhmJw2STnvz+NPkRPtJD/ALHYOzZtUAJ4ALd/xq99mtJyA9nGewJiB/XFSoJbFSrTn8TuB0+2SDy47KAKCGwY1IJ78YqDyUt5t0dvCmRjKIB7dqdkTzPYtKjywAsMAgAVn3tvLbkZXK9veqtoRfUzCodZlHyluQPcf5NZ1q8+mzrdBkLCTlMc+5x6EcVnPQ3hqdxqZiuoNOurdv3X2KOLaeqlWYYP6VUiwAR/FnP5VpD4TGfxG/a3scFh5GBuyS3HJP8Anj8KzvOTDEAAE9K8bE353c+hwtvZRsT28y+Xzio7qYMp244Fc2prpcZbyZbnpmrTeRN8skan6ihXHKwwababsrBGPfaKkFivRMfhRcVird2bIuQKv6FKUuQjZw4xT6j6WLH2a+/uy/nRXdzo8v2bP//Z/+AAEEpGSUYAAQEAAAEAAQAA/+ExsGh0dHA6Ly9ucy5hZG9iZS5jb20veGFwLzEuMC8APD94cGFja2V0IGJlZ2luPSfvu78nIGlkPSdXNU0wTXBDZWhpSHpyZVN6TlRjemtjOWQnPz4NCjx4OnhtcG1ldGEgeG1sbnM6eD0iYWRvYmU6bnM6bWV0YS8iPjxyZGY6UkRGIHhtbG5zOnJkZj0iaHR0cDovL3d3dy53My5vcmcvMTk5OS8wMi8yMi1yZGYtc3ludGF4LW5zIyI+PHJkZjpEZXNjcmlwdGlvbiByZGY6YWJvdXQ9InV1aWQ6ZmFmNWJkZDUtYmEzZC0xMWRhLWFkMzEtZDMzZDc1MTgyZjFiIiB4bWxuczp4bXA9Imh0dHA6Ly9ucy5hZG9iZS5jb20veGFwLzEuMC8iPjx4bXA6Q3JlYXRvclRvb2w+V2luZG93cyBQaG90byBFZGl0b3IgMTAuMC4xMDAxMS4xNjM4NDwveG1wOkNyZWF0b3JUb29sPjwvcmRmOkRlc2NyaXB0aW9uPjwvcmRmOlJERj48L3g6eG1wbWV0YT4NCiAgICAgICAgICAgICAgICAgICAgICAgICAgICAgICAgICAgICAgICAgICAgICAgICAgICAgICAgICAgICAgICAgICAgICAgICAgICAgICAgICAgICAgICAgICAgICAgICAgICAKICAgICAgICAgICAgICAgICAgICAgICAgICAgICAgICAgICAgICAgICAgICAgICAgICAgICAgICAgICAgICAgICAgICAgICAgICAgICAgICAgICAgICAgICAgICAgICAgICAgIAogICAgICAgICAgICAgICAgICAgICAgICAgICAgICAgICAgICAgICAgICAgICAgICAgICAgICAgICAgICAgICAgICAgICAgICAgICAgICAgICAgICAgICAgICAgICAgICAgICAgCiAgICAgICAgICAgICAgICAgICAgICAgICAgICAgICAgICAgICAgICAgICAgICAgICAgICAgICAgICAgICAgICAgICAgICAgICAgICAgICAgICAgICAgICAgICAgICAgICAgICAKICAgICAgICAgICAgICAgICAgICAgICAgICAgICAgICAgICAgICAgICAgICAgICAgICAgICAgICAgICAgICAgICAgICAgICAgICAgICAgICAgICAgICAgICAgICAgICAgICAgIAogICAgICAgICAgICAgICAgICAgICAgICAgICAgICAgICAgICAgICAgICAgICAgICAgICAgICAgICAgICAgICAgICAgICAgICAgICAgICAgICAgICAgICAgICAgICAgICAgICAgCiAgICAgICAgICAgICAgICAgICAgICAgICAgICAgICAgICAgICAgICAgICAgICAgICAgICAgICAgICAgICAgICAgICAgICAgICAgICAgICAgICAgICAgICAgICAgICAgICAgICAKICAgICAgICAgICAgICAgICAgICAgICAgICAgICAgICAgICAgICAgICAgICAgICAgICAgICAgICAgICAgICAgICAgICAgICAgICAgICAgICAgICAgICAgICAgICAgICAgICAgIAogICAgICAgICAgICAgICAgICAgICAgICAgICAgICAgICAgICAgICAgICAgICAgICAgICAgICAgICAgICAgICAgICAgICAgICAgICAgICAgICAgICAgICAgICAgICAgICAgICAgCiAgICAgICAgICAgICAgICAgICAgICAgICAgICAgICAgICAgICAgICAgICAgICAgICAgICAgICAgICAgICAgICAgICAgICAgICAgICAgICAgICAgICAgICAgICAgICAgICAgICAKICAgICAgICAgICAgICAgICAgICAgICAgICAgICAgICAgICAgICAgICAgICAgICAgICAgICAgICAgICAgICAgICAgICAgICAgICAgICAgICAgICAgICAgICAgICAgICAgICAgIAogICAgICAgICAgICAgICAgICAgICAgICAgICAgICAgICAgICAgICAgICAgICAgICAgICAgICAgICAgICAgICAgICAgICAgICAgICAgICAgICAgICAgICAgICAgICAgICAgICAgCiAgICAgICAgICAgICAgICAgICAgICAgICAgICAgICAgICAgICAgICAgICAgICAgICAgICAgICAgICAgICAgICAgICAgICAgICAgICAgICAgICAgICAgICAgICAgICAgICAgICAKICAgICAgICAgICAgICAgICAgICAgICAgICAgICAgICAgICAgICAgICAgICAgICAgICAgICAgICAgICAgICAgICAgICAgICAgICAgICAgICAgICAgICAgICAgICAgICAgICAgIAogICAgICAgICAgICAgICAgICAgICAgICAgICAgICAgICAgICAgICAgICAgICAgICAgICAgICAgICAgICAgICAgICAgICAgICAgICAgICAgICAgICAgICAgICAgICAgICAgICAgCiAgICAgICAgICAgICAgICAgICAgICAgICAgICAgICAgICAgICAgICAgICAgICAgICAgICAgICAgICAgICAgICAgICAgICAgICAgICAgICAgICAgICAgICAgICAgICAgICAgICAKICAgICAgICAgICAgICAgICAgICAgICAgICAgICAgICAgICAgICAgICAgICAgICAgICAgICAgICAgICAgICAgICAgICAgICAgICAgICAgICAgICAgICAgICAgICAgICAgICAgIAogICAgICAgICAgICAgICAgICAgICAgICAgICAgICAgICAgICAgICAgICAgICAgICAgICAgICAgICAgICAgICAgICAgICAgICAgICAgICAgICAgICAgICAgICAgICAgICAgICAgCiAgICAgICAgICAgICAgICAgICAgICAgICAgICAgICAgICAgICAgICAgICAgICAgICAgICAgICAgICAgICAgICAgICAgICAgICAgICAgICAgICAgICAgICAgICAgICAgICAgICAKICAgICAgICAgICAgICAgICAgICAgICAgICAgICAgICAgICAgICAgICAgICAgICAgICAgICAgICAgICAgICAgICAgICAgICAgICAgICAgICAgICAgICAgICAgICAgICAgICAgIAogICAgICAgICAgICAgICAgICAgICAgICAgICAgICAgICAgICAgICAgICAgICAgICAgICAgICAgICAgICAgICAgICAgICAgICAgICAgICAgICAgICAgICAgICAgICAgICAgICAgCiAgICAgICAgICAgICAgICAgICAgICAgICAgICAgICAgICAgICAgICAgICAgICAgICAgICAgICAgICAgICAgICAgICAgICAgICAgICAgICAgICAgICAgICAgICAgICAgICAgICAKICAgICAgICAgICAgICAgICAgICAgICAgICAgICAgICAgICAgICAgICAgICAgICAgICAgICAgICAgICAgICAgICAgICAgICAgICAgICAgICAgICAgICAgICAgICAgICAgICAgIAogICAgICAgICAgICAgICAgICAgICAgICAgICAgICAgICAgICAgICAgICAgICAgICAgICAgICAgICAgICAgICAgICAgICAgICAgICAgICAgICAgICAgICAgICAgICAgICAgICAgCiAgICAgICAgICAgICAgICAgICAgICAgICAgICAgICAgICAgICAgICAgICAgICAgICAgICAgICAgICAgICAgICAgICAgICAgICAgICAgICAgICAgICAgICAgICAgICAgICAgICAKICAgICAgICAgICAgICAgICAgICAgICAgICAgICAgICAgICAgICAgICAgICAgICAgICAgICAgICAgICAgICAgICAgICAgICAgICAgICAgICAgICAgICAgICAgICAgICAgICAgIAogICAgICAgICAgICAgICAgICAgICAgICAgICAgICAgICAgICAgICAgICAgICAgICAgICAgICAgICAgICAgICAgICAgICAgICAgICAgICAgICAgICAgICAgICAgICAgICAgICAgCiAgICAgICAgICAgICAgICAgICAgICAgICAgICAgICAgICAgICAgICAgICAgICAgICAgICAgICAgICAgICAgICAgICAgICAgICAgICAgICAgICAgICAgICAgICAgICAgICAgICAKICAgICAgICAgICAgICAgICAgICAgICAgICAgICAgICAgICAgICAgICAgICAgICAgICAgICAgICAgICAgICAgICAgICAgICAgICAgICAgICAgICAgICAgICAgICAgICAgICAgIAogICAgICAgICAgICAgICAgICAgICAgICAgICAgICAgICAgICAgICAgICAgICAgICAgICAgICAgICAgICAgICAgICAgICAgICAgICAgICAgICAgICAgICAgICAgICAgICAgICAgCiAgICAgICAgICAgICAgICAgICAgICAgICAgICAgICAgICAgICAgICAgICAgICAgICAgICAgICAgICAgICAgICAgICAgICAgICAgICAgICAgICAgICAgICAgICAgICAgICAgICAKICAgICAgICAgICAgICAgICAgICAgICAgICAgICAgICAgICAgICAgICAgICAgICAgICAgICAgICAgICAgICAgICAgICAgICAgICAgICAgICAgICAgICAgICAgICAgICAgICAgIAogICAgICAgICAgICAgICAgICAgICAgICAgICAgICAgICAgICAgICAgICAgICAgICAgICAgICAgICAgICAgICAgICAgICAgICAgICAgICAgICAgICAgICAgICAgICAgICAgICAgCiAgICAgICAgICAgICAgICAgICAgICAgICAgICAgICAgICAgICAgICAgICAgICAgICAgICAgICAgICAgICAgICAgICAgICAgICAgICAgICAgICAgICAgICAgICAgICAgICAgICAKICAgICAgICAgICAgICAgICAgICAgICAgICAgICAgICAgICAgICAgICAgICAgICAgICAgICAgICAgICAgICAgICAgICAgICAgICAgICAgICAgICAgICAgICAgICAgICAgICAgIAogICAgICAgICAgICAgICAgICAgICAgICAgICAgICAgICAgICAgICAgICAgICAgICAgICAgICAgICAgICAgICAgICAgICAgICAgICAgICAgICAgICAgICAgICAgICAgICAgICAgCiAgICAgICAgICAgICAgICAgICAgICAgICAgICAgICAgICAgICAgICAgICAgICAgICAgICAgICAgICAgICAgICAgICAgICAgICAgICAgICAgICAgICAgICAgICAgICAgICAgICAKICAgICAgICAgICAgICAgICAgICAgICAgICAgICAgICAgICAgICAgICAgICAgICAgICAgICAgICAgICAgICAgICAgICAgICAgICAgICAgICAgICAgICAgICAgICAgICAgICAgIAogICAgICAgICAgICAgICAgICAgICAgICAgICAgICAgICAgICAgICAgICAgICAgICAgICAgICAgICAgICAgICAgICAgICAgICAgICAgICAgICAgICAgICAgICAgICAgICAgICAgCiAgICAgICAgICAgICAgICAgICAgICAgICAgICAgICAgICAgICAgICAgICAgICAgICAgICAgICAgICAgICAgICAgICAgICAgICAgICAgICAgICAgICAgICAgICAgICAgICAgICAKICAgICAgICAgICAgICAgICAgICAgICAgICAgICAgICAgICAgICAgICAgICAgICAgICAgICAgICAgICAgICAgICAgICAgICAgICAgICAgICAgICAgICAgICAgICAgICAgICAgIAogICAgICAgICAgICAgICAgICAgICAgICAgICAgICAgICAgICAgICAgICAgICAgICAgICAgICAgICAgICAgICAgICAgICAgICAgICAgICAgICAgICAgICAgICAgICAgICAgICAgCiAgICAgICAgICAgICAgICAgICAgICAgICAgICAgICAgICAgICAgICAgICAgICAgICAgICAgICAgICAgICAgICAgICAgICAgICAgICAgICAgICAgICAgICAgICAgICAgICAgICAKICAgICAgICAgICAgICAgICAgICAgICAgICAgICAgICAgICAgICAgICAgICAgICAgICAgICAgICAgICAgICAgICAgICAgICAgICAgICAgICAgICAgICAgICAgICAgICAgICAgIAogICAgICAgICAgICAgICAgICAgICAgICAgICAgICAgICAgICAgICAgICAgICAgICAgICAgICAgICAgICAgICAgICAgICAgICAgICAgICAgICAgICAgICAgICAgICAgICAgICAgCiAgICAgICAgICAgICAgICAgICAgICAgICAgICAgICAgICAgICAgICAgICAgICAgICAgICAgICAgICAgICAgICAgICAgICAgICAgICAgICAgICAgICAgICAgICAgICAgICAgICAKICAgICAgICAgICAgICAgICAgICAgICAgICAgICAgICAgICAgICAgICAgICAgICAgICAgICAgICAgICAgICAgICAgICAgICAgICAgICAgICAgICAgICAgICAgICAgICAgICAgIAogICAgICAgICAgICAgICAgICAgICAgICAgICAgICAgICAgICAgICAgICAgICAgICAgICAgICAgICAgICAgICAgICAgICAgICAgICAgICAgICAgICAgICAgICAgICAgICAgICAgCiAgICAgICAgICAgICAgICAgICAgICAgICAgICAgICAgICAgICAgICAgICAgICAgICAgICAgICAgICAgICAgICAgICAgICAgICAgICAgICAgICAgICAgICAgICAgICAgICAgICAKICAgICAgICAgICAgICAgICAgICAgICAgICAgICAgICAgICAgICAgICAgICAgICAgICAgICAgICAgICAgICAgICAgICAgICAgICAgICAgICAgICAgICAgICAgICAgICAgICAgIAogICAgICAgICAgICAgICAgICAgICAgICAgICAgICAgICAgICAgICAgICAgICAgICAgICAgICAgICAgICAgICAgICAgICAgICAgICAgICAgICAgICAgICAgICAgICAgICAgICAgCiAgICAgICAgICAgICAgICAgICAgICAgICAgICAgICAgICAgICAgICAgICAgICAgICAgICAgICAgICAgICAgICAgICAgICAgICAgICAgICAgICAgICAgICAgICAgICAgICAgICAKICAgICAgICAgICAgICAgICAgICAgICAgICAgICAgICAgICAgICAgICAgICAgICAgICAgICAgICAgICAgICAgICAgICAgICAgICAgICAgICAgICAgICAgICAgICAgICAgICAgIAogICAgICAgICAgICAgICAgICAgICAgICAgICAgICAgICAgICAgICAgICAgICAgICAgICAgICAgICAgICAgICAgICAgICAgICAgICAgICAgICAgICAgICAgICAgICAgICAgICAgCiAgICAgICAgICAgICAgICAgICAgICAgICAgICAgICAgICAgICAgICAgICAgICAgICAgICAgICAgICAgICAgICAgICAgICAgICAgICAgICAgICAgICAgICAgICAgICAgICAgICAKICAgICAgICAgICAgICAgICAgICAgICAgICAgICAgICAgICAgICAgICAgICAgICAgICAgICAgICAgICAgICAgICAgICAgICAgICAgICAgICAgICAgICAgICAgICAgICAgICAgIAogICAgICAgICAgICAgICAgICAgICAgICAgICAgICAgICAgICAgICAgICAgICAgICAgICAgICAgICAgICAgICAgICAgICAgICAgICAgICAgICAgICAgICAgICAgICAgICAgICAgCiAgICAgICAgICAgICAgICAgICAgICAgICAgICAgICAgICAgICAgICAgICAgICAgICAgICAgICAgICAgICAgICAgICAgICAgICAgICAgICAgICAgICAgICAgICAgICAgICAgICAKICAgICAgICAgICAgICAgICAgICAgICAgICAgICAgICAgICAgICAgICAgICAgICAgICAgICAgICAgICAgICAgICAgICAgICAgICAgICAgICAgICAgICAgICAgICAgICAgICAgIAogICAgICAgICAgICAgICAgICAgICAgICAgICAgICAgICAgICAgICAgICAgICAgICAgICAgICAgICAgICAgICAgICAgICAgICAgICAgICAgICAgICAgICAgICAgICAgICAgICAgCiAgICAgICAgICAgICAgICAgICAgICAgICAgICAgICAgICAgICAgICAgICAgICAgICAgICAgICAgICAgICAgICAgICAgICAgICAgICAgICAgICAgICAgICAgICAgICAgICAgICAKICAgICAgICAgICAgICAgICAgICAgICAgICAgICAgICAgICAgICAgICAgICAgICAgICAgICAgICAgICAgICAgICAgICAgICAgICAgICAgICAgICAgICAgICAgICAgICAgICAgIAogICAgICAgICAgICAgICAgICAgICAgICAgICAgICAgICAgICAgICAgICAgICAgICAgICAgICAgICAgICAgICAgICAgICAgICAgICAgICAgICAgICAgICAgICAgICAgICAgICAgCiAgICAgICAgICAgICAgICAgICAgICAgICAgICAgICAgICAgICAgICAgICAgICAgICAgICAgICAgICAgICAgICAgICAgICAgICAgICAgICAgICAgICAgICAgICAgICAgICAgICAKICAgICAgICAgICAgICAgICAgICAgICAgICAgICAgICAgICAgICAgICAgICAgICAgICAgICAgICAgICAgICAgICAgICAgICAgICAgICAgICAgICAgICAgICAgICAgICAgICAgIAogICAgICAgICAgICAgICAgICAgICAgICAgICAgICAgICAgICAgICAgICAgICAgICAgICAgICAgICAgICAgICAgICAgICAgICAgICAgICAgICAgICAgICAgICAgICAgICAgICAgCiAgICAgICAgICAgICAgICAgICAgICAgICAgICAgICAgICAgICAgICAgICAgICAgICAgICAgICAgICAgICAgICAgICAgICAgICAgICAgICAgICAgICAgICAgICAgICAgICAgICAKICAgICAgICAgICAgICAgICAgICAgICAgICAgICAgICAgICAgICAgICAgICAgICAgICAgICAgICAgICAgICAgICAgICAgICAgICAgICAgICAgICAgICAgICAgICAgICAgICAgIAogICAgICAgICAgICAgICAgICAgICAgICAgICAgICAgICAgICAgICAgICAgICAgICAgICAgICAgICAgICAgICAgICAgICAgICAgICAgICAgICAgICAgICAgICAgICAgICAgICAgCiAgICAgICAgICAgICAgICAgICAgICAgICAgICAgICAgICAgICAgICAgICAgICAgICAgICAgICAgICAgICAgICAgICAgICAgICAgICAgICAgICAgICAgICAgICAgICAgICAgICAKICAgICAgICAgICAgICAgICAgICAgICAgICAgICAgICAgICAgICAgICAgICAgICAgICAgICAgICAgICAgICAgICAgICAgICAgICAgICAgICAgICAgICAgICAgICAgICAgICAgIAogICAgICAgICAgICAgICAgICAgICAgICAgICAgICAgICAgICAgICAgICAgICAgICAgICAgICAgICAgICAgICAgICAgICAgICAgICAgICAgICAgICAgICAgICAgICAgICAgICAgCiAgICAgICAgICAgICAgICAgICAgICAgICAgICAgICAgICAgICAgICAgICAgICAgICAgICAgICAgICAgICAgICAgICAgICAgICAgICAgICAgICAgICAgICAgICAgICAgICAgICAKICAgICAgICAgICAgICAgICAgICAgICAgICAgICAgICAgICAgICAgICAgICAgICAgICAgICAgICAgICAgICAgICAgICAgICAgICAgICAgICAgICAgICAgICAgICAgICAgICAgIAogICAgICAgICAgICAgICAgICAgICAgICAgICAgICAgICAgICAgICAgICAgICAgICAgICAgICAgICAgICAgICAgICAgICAgICAgICAgICAgICAgICAgICAgICAgICAgICAgICAgCiAgICAgICAgICAgICAgICAgICAgICAgICAgICAgICAgICAgICAgICAgICAgICAgICAgICAgICAgICAgICAgICAgICAgICAgICAgICAgICAgICAgICAgICAgICAgICAgICAgICAKICAgICAgICAgICAgICAgICAgICAgICAgICAgICAgICAgICAgICAgICAgICAgICAgICAgICAgICAgICAgICAgICAgICAgICAgICAgICAgICAgICAgICAgICAgICAgICAgICAgIAogICAgICAgICAgICAgICAgICAgICAgICAgICAgICAgICAgICAgICAgICAgICAgICAgICAgICAgICAgICAgICAgICAgICAgICAgICAgICAgICAgICAgICAgICAgICAgICAgICAgCiAgICAgICAgICAgICAgICAgICAgICAgICAgICAgICAgICAgICAgICAgICAgICAgICAgICAgICAgICAgICAgICAgICAgICAgICAgICAgICAgICAgICAgICAgICAgICAgICAgICAKICAgICAgICAgICAgICAgICAgICAgICAgICAgICAgICAgICAgICAgICAgICAgICAgICAgICAgICAgICAgICAgICAgICAgICAgICAgICAgICAgICAgICAgICAgICAgICAgICAgIAogICAgICAgICAgICAgICAgICAgICAgICAgICAgICAgICAgICAgICAgICAgICAgICAgICAgICAgICAgICAgICAgICAgICAgICAgICAgICAgICAgICAgICAgICAgICAgICAgICAgCiAgICAgICAgICAgICAgICAgICAgICAgICAgICAgICAgICAgICAgICAgICAgICAgICAgICAgICAgICAgICAgICAgICAgICAgICAgICAgICAgICAgICAgICAgICAgICAgICAgICAKICAgICAgICAgICAgICAgICAgICAgICAgICAgICAgICAgICAgICAgICAgICAgICAgICAgICAgICAgICAgICAgICAgICAgICAgICAgICAgICAgICAgICAgICAgICAgICAgICAgIAogICAgICAgICAgICAgICAgICAgICAgICAgICAgICAgICAgICAgICAgICAgICAgICAgICAgICAgICAgICAgICAgICAgICAgICAgICAgICAgICAgICAgICAgICAgICAgICAgICAgCiAgICAgICAgICAgICAgICAgICAgICAgICAgICAgICAgICAgICAgICAgICAgICAgICAgICAgICAgICAgICAgICAgICAgICAgICAgICAgICAgICAgICAgICAgICAgICAgICAgICAKICAgICAgICAgICAgICAgICAgICAgICAgICAgICAgICAgICAgICAgICAgICAgICAgICAgICAgICAgICAgICAgICAgICAgICAgICAgICAgICAgICAgICAgICAgICAgICAgICAgIAogICAgICAgICAgICAgICAgICAgICAgICAgICAgICAgICAgICAgICAgICAgICAgICAgICAgICAgICAgICAgICAgICAgICAgICAgICAgICAgICAgICAgICAgICAgICAgICAgICAgCiAgICAgICAgICAgICAgICAgICAgICAgICAgICAgICAgICAgICAgICAgICAgICAgICAgICAgICAgICAgICAgICAgICAgICAgICAgICAgICAgICAgICAgICAgICAgICAgICAgICAKICAgICAgICAgICAgICAgICAgICAgICAgICAgICAgICAgICAgICAgICAgICAgICAgICAgICAgICAgICAgICAgICAgICAgICAgICAgICAgICAgICAgICAgICAgICAgICAgICAgIAogICAgICAgICAgICAgICAgICAgICAgICAgICAgICAgICAgICAgICAgICAgICAgICAgICAgICAgICAgICAgICAgICAgICAgICAgICAgICAgICAgICAgICAgICAgICAgICAgICAgCiAgICAgICAgICAgICAgICAgICAgICAgICAgICAgICAgICAgICAgICAgICAgICAgICAgICAgICAgICAgICAgICAgICAgICAgICAgICAgICAgICAgICAgICAgICAgICAgICAgICAKICAgICAgICAgICAgICAgICAgICAgICAgICAgICAgICAgICAgICAgICAgICAgICAgICAgICAgICAgICAgICAgICAgICAgICAgICAgICAgICAgICAgICAgICAgICAgICAgICAgIAogICAgICAgICAgICAgICAgICAgICAgICAgICAgICAgICAgICAgICAgICAgICAgICAgICAgICAgICAgICAgICAgICAgICAgICAgICAgICAgICAgICAgICAgICAgICAgICAgICAgCiAgICAgICAgICAgICAgICAgICAgICAgICAgICAgICAgICAgICAgICAgICAgICAgICAgICAgICAgICAgICAgICAgICAgICAgICAgICAgICAgICAgICAgICAgICAgICAgICAgICAKICAgICAgICAgICAgICAgICAgICAgICAgICAgICAgICAgICAgICAgICAgICAgICAgICAgICAgICAgICAgICAgICAgICAgICAgICAgICAgICAgICAgICAgICAgICAgICAgICAgIAogICAgICAgICAgICAgICAgICAgICAgICAgICAgICAgICAgICAgICAgICAgICAgICAgICAgICAgICAgICAgICAgICAgICAgICAgICAgICAgICAgICAgICAgICAgICAgICAgICAgCiAgICAgICAgICAgICAgICAgICAgICAgICAgICAgICAgICAgICAgICAgICAgICAgICAgICAgICAgICAgICAgICAgICAgICAgICAgICAgICAgICAgICAgICAgICAgICAgICAgICAKICAgICAgICAgICAgICAgICAgICAgICAgICAgICAgICAgICAgICAgICAgICAgICAgICAgICAgICAgICAgICAgICAgICAgICAgICAgICAgICAgICAgICAgICAgICAgICAgICAgIAogICAgICAgICAgICAgICAgICAgICAgICAgICAgICAgICAgICAgICAgICAgICAgICAgICAgICAgICAgICAgICAgICAgICAgICAgICAgICAgICAgICAgICAgICAgICAgICAgICAgCiAgICAgICAgICAgICAgICAgICAgICAgICAgICAgICAgICAgICAgICAgICAgICAgICAgICAgICAgICAgICAgICAgICAgICAgICAgICAgICAgICAgICAgICAgICAgICAgICAgICAKICAgICAgICAgICAgICAgICAgICAgICAgICAgICAgICAgICAgICAgICAgICAgICAgICAgICAgICAgICAgICAgICAgICAgICAgICAgICAgICAgICAgICAgICAgICAgICAgICAgIAogICAgICAgICAgICAgICAgICAgICAgICAgICAgICAgICAgICAgICAgICAgICAgICAgICAgICAgICAgICAgICAgICAgICAgICAgICAgICAgICAgICAgICAgICAgICAgICAgICAgCiAgICAgICAgICAgICAgICAgICAgICAgICAgICAgICAgICAgICAgICAgICAgICAgICAgICAgICAgICAgICAgICAgICAgICAgICAgICAgICAgICAgICAgICAgICAgICAgICAgICAKICAgICAgICAgICAgICAgICAgICAgICAgICAgICAgICAgICAgICAgICAgICAgICAgICAgICAgICAgICAgICAgICAgICAgICAgICAgICAgICAgICAgICAgICAgICAgICAgICAgIAogICAgICAgICAgICAgICAgICAgICAgICAgICAgICAgICAgICAgICAgICAgICAgICAgICAgICAgICAgICAgICAgICAgICAgICAgICAgICAgICAgICAgICAgICAgICAgICAgICAgCiAgICAgICAgICAgICAgICAgICAgICAgICAgICAgICAgICAgICAgICAgICAgICAgICAgICAgICAgICAgICAgICAgICAgICAgICAgICAgICAgICAgICAgICAgICAgICAgICAgICAKICAgICAgICAgICAgICAgICAgICAgICAgICAgICAgICAgICAgICAgICAgICAgICAgICAgICAgICAgICAgICAgICAgICAgICAgICAgICAgICAgICAgICAgICAgICAgICAgICAgIAogICAgICAgICAgICAgICAgICAgICAgICAgICAgICAgICAgICAgICAgICAgICAgICAgICAgICAgICAgICAgICAgICAgICAgICAgICAgICAgICAgICAgICAgICAgICAgICAgICAgCiAgICAgICAgICAgICAgICAgICAgICAgICAgICAgICAgICAgICAgICAgICAgICAgICAgICAgICAgICAgICAgICAgICAgICAgICAgICAgICAgICAgICAgICAgICAgICAgICAgICAKICAgICAgICAgICAgICAgICAgICAgICAgICAgICAgICAgICAgICAgICAgICAgICAgICAgICAgICAgICAgICAgICAgICAgICAgICAgICAgICAgICAgICAgICAgICAgICAgICAgIAogICAgICAgICAgICAgICAgICAgICAgICAgICAgICAgICAgICAgICAgICAgICAgICAgICAgICAgICAgICAgICAgICAgICAgICAgICAgICAgICAgICAgICAgICAgICAgICAgICAgCiAgICAgICAgICAgICAgICAgICAgICAgICAgICAgICAgICAgICAgICAgICAgICAgICAgICAgICAgICAgICAgICAgICAgICAgICAgICAgICAgICAgICAgICAgICAgICAgICAgICAKICAgICAgICAgICAgICAgICAgICAgICAgICAgICAgICAgICAgICAgICAgICAgICAgICAgICAgICAgICAgICAgICAgICAgICAgICAgICAgICAgICAgICAgICAgICAgICAgICAgIAogICAgICAgICAgICAgICAgICAgICAgICAgICAgICAgICAgICAgICAgICAgICAgICAgICAgICAgICAgICAgICAgICAgICAgICAgICAgICAgICAgICAgICAgICAgICAgICAgICAgCiAgICAgICAgICAgICAgICAgICAgICAgICAgICAgICAgICAgICAgICAgICAgICAgICAgICAgICAgICAgICAgICAgICAgICAgICAgICAgICAgICAgICAgICAgICAgICAgICAgICAKICAgICAgICAgICAgICAgICAgICAgICAgICAgICAgICAgICAgICAgICAgICAgICAgICAgICAgICAgICAgICAgICAgICAgICAgICAgICAgICAgICAgICAgICAgICAgICAgICAgIAogICAgICAgICAgICAgICAgICAgICAgICAgICAgICAgICAgICAgICAgICAgICAgICAgICAgICAgICAgICAgICAgICAgICAgICAgICAgICAgICAgICAgICAgICAgICAgICAgICAgCiAgICAgICAgICAgICAgICAgICAgICAgICAgICAgICAgICAgICAgICAgICAgICAgICAgICAgICAgICAgICAgICAgICAgICAgICAgICAgICAgICAgICAgICAgICAgICAgICAgICAKICAgICAgICAgICAgICAgICAgICAgICAgICAgICAgICAgICAgICAgICAgICAgICAgICAgICAgICAgICAgICAgICAgICAgICAgICAgICAgICAgICAgICAgICAgICAgICAgICAgIAogICAgICAgICAgICAgICAgICAgICAgICAgICAgICAgICAgICAgICAgICAgICAgICAgICAgICAgICAgICAgICAgICAgICAgICAgICAgICAgICAgICAgICAgICAgICAgICAgICAgCiAgICAgICAgICAgICAgICAgICAgICAgICAgICAgICAgICAgICAgICAgICAgICAgICAgICAgICAgICAgICAgICAgICAgICAgICAgICAgICAgICAgICAgICAgICAgICAgICAgICAKICAgICAgICAgICAgICAgICAgICAgICAgICAgICAgICAgICAgICAgICAgICAgICAgICAgICAgICAgICAgICAgICAgIDw/eHBhY2tldCBlbmQ9J3cnPz7/2wBDAAMCAgMCAgMDAwMEAwMEBQgFBQQEBQoHBwYIDAoMDAsKCwsNDhIQDQ4RDgsLEBYQERMUFRUVDA8XGBYUGBIUFRT/2wBDAQMEBAUEBQkFBQkUDQsNFBQUFBQUFBQUFBQUFBQUFBQUFBQUFBQUFBQUFBQUFBQUFBQUFBQUFBQUFBQUFBQUFBT/wAARCAaTBPMDASIAAhEBAxEB/8QAHwAAAQUBAQEBAQEAAAAAAAAAAAECAwQFBgcICQoL/8QAtRAAAgEDAwIEAwUFBAQAAAF9AQIDAAQRBRIhMUEGE1FhByJxFDKBkaEII0KxwRVS0fAkM2JyggkKFhcYGRolJicoKSo0NTY3ODk6Q0RFRkdISUpTVFVWV1hZWmNkZWZnaGlqc3R1dnd4eXqDhIWGh4iJipKTlJWWl5iZmqKjpKWmp6ipqrKztLW2t7i5usLDxMXGx8jJytLT1NXW19jZ2uHi4+Tl5ufo6erx8vP09fb3+Pn6/8QAHwEAAwEBAQEBAQEBAQAAAAAAAAECAwQFBgcICQoL/8QAtREAAgECBAQDBAcFBAQAAQJ3AAECAxEEBSExBhJBUQdhcRMiMoEIFEKRobHBCSMzUvAVYnLRChYkNOEl8RcYGRomJygpKjU2Nzg5OkNERUZHSElKU1RVVldYWVpjZGVmZ2hpanN0dXZ3eHl6goOEhYaHiImKkpOUlZaXmJmaoqOkpaanqKmqsrO0tba3uLm6wsPExcbHyMnK0tPU1dbX2Nna4uPk5ebn6Onq8vP09fb3+Pn6/9oADAMBAAIRAxEAPwDym10cSMoHTGTyau/YDCpBO7jjbWla2Xl4Y7snv7VamjHLHJGMZr4qJ9u2cJrVoZoHE0a528ZGa8Z1yzW3uZo0zlX4r6H1HT4rpGLKB7ivDPGcQttUuHX7rPxxk1ZJd8DzeVcgMeq810WuSCPDBSyngAVx/hu6+zspxyT3FdxNEsqK7DIIzigDltJ3L4otDt2kvxX0Fap+7C9+D2rwab/Q9YtpugWQEV7xpeZreOTnBQYINQVcteV+6O7t2pIY1VmKjtxVnaCuAMnGKjYt8oI6dcCs2IbtCruI5oK+YQSBinyqAVOcg0inbyakREBkOBjPoaImxtVgMU7azKwIz36URcyEFcFaAJFClmC4HrUyyYHHSolcbyD+PFOLDoB8vtTAsQ7lXLDntmpWlUIVUDB7VUcnCq2fm6CpxuVSp2g1QCsmWy3BxxtqBWHmNkduKkfeGUqOvFG1mXdn5sVaM5D7iPMcEiqNyurAfQ19e61o9j42+C+j6jFMh1SwkiVWfGRl1Ugj0xz+FfI93J5Nh5uMeX8xbpX0PrkNrF4B8K3srI1ncrGkm0biW4PT1rupbHFWPcrzWoNS+G8Sx3Ebi0jEdzHHjhQCBx+C18r3vh0PcSKihpc/vMGvrXQYtI0/w7cWZtoLZJLXcVnXY8qlemTXzL4Xj/f7SMCReFY5IGemaKiIw8rNpHgviTS0j1qQyEFwxAwMVVjhCjCNsx1zXRfFCBLXxGyJxvJwPfiud3KV2nAbHcV58metGRBdAvj5vlPUntTVtoiSSTjtUjR5Urt9/akaPy+nLdBWLkbXHLJtby+2aUx+SWkU5Y9M9KYYeS2CGqaZfmXDEqBS5gFaRVXBCnNRbTC25XAz780+UkYOB7UnldCVA4z1p3C4LLPIxHmYBHWr1rM6x4kUMoGM+tVBjbkjHapTGRGD/D2o5gEmaF4wGUjnimmNOucv29MU5gAygjIPemhDxkjJOaOYBrRxJIuQckZGOlTTW6BlLL8x5G2olgVgxx0PFW0VUjG4ZH61RDGxqitkDA98Vp2Mcc99bq6hl3gN9KoLj5toA7in2Nw/nJKCQY33Z/Ggkde201nqF5bSkiMuTGPY1VktRGwGG3MevUCtrVmOoXn2qQliQOM1DcWoZcFgq57UDsQ6PaLJOA4Yjp8x9cj+lOs1jt7oiRN4AxycYq2s6wokYKgIOD3prwqzeYR97nNIorwOsN8SCWCjO1uV61PdSfaLkusaop5+UUeQkhJ28nsDT44tkgYZ47Gq0EyzbfuLN1yGL9z2qG3tB5hBGf8Aa9aerJHJ833KuxzQxzKUhL5HSqQrlJrU28iiThSMgkmmxxtNkr0zjvWvcTQyqpePDKKlmltPscbxJiRQxetUiGzPtrGTesgI4PHrXe+G7WDUtN1GPULy6d1CmBFPyD1z+NZVjopu/C8Wqi9igHneSYX4Zue36VraXCYdyqTjGAD9e9aRMZM3dD8L2+o2M0L3jQ3Num6ONhgOfrXknxM02eKKWLflwM+g969lsWt5tJuZpCVu0GE/OvOvGFv/AGhDLJKT5iKdoq2iLnw5rNi0WrXEZYEbz0+teleD5f8AiSQxksXUYHHuTXD+LIzZeKL1GyvzFq7fwQyf2VuByw9azdzS5o3QLKeMDvk1pfCtTY+JL0BgPPiztHtxVS4jaPczNlB6UzwTfNH4wtIs/wCu3Kf6VBR7VDIdgAXGKtRkAYPU8gVUhxCzRsA3A+vSrVuvy7guCP71JgW+Qi57jimTEY+YnH0qWeUTIgKBcDApJMfZ9vQ0iCnIoC/Kec9KSQOvI5GPSmR48wbicg8UrSfMSOmOaLACyFnJwVpsbFc59aRZN3TJ/CmRuF3cktnpirGXFIAPIB/OnR+rDnpioYQZByMYqXgSEHO4UxDtw3DHWnNl+RytLtUIGJGfSkdicAfdNVYVx0GeQTx1qWRvLYj5vp2qnFMqNtB+bNSSOzLnmixJKqpt3DlqVVVWx680R+XGoycntSNnkAAt2NFibk23ywJMZI6cdKGZmI+XnvRFlomyyhR6GkP+0Tn61VguNjY+YeO1IG81umOwOKBEV3bcbcc5pIj07CmkFxGhIYc96ZKgGQwwOwqSRgMAuMZpQu7aR8zdjVolkXllAoJXBqGVDtcYwR61L5hjJ+bcc8L6VUumaRiBkkjPWt4mUpHYfA/UGsviNZiM7d2VY49q+vpAsaruBJNfGHwtmGn+NNOnfhRIAcnHWvsxm226XLHEXdj0rupXPKr6sgnk2LgfID0xWfEy/a5mkLMcAjBpy3L6juaNcRg/f7VNptksckjg7ixxnrXUjiYu0uQcYHbHWrUdrAc74959WFJJCu4cAc0q7vX6CmRqH2ZIyQqfpSCNWOV4x1FSbi2OGNJIvl4bpTGIrblJbkU6VAFACjbTVYLJjGVbn61JIu4NsGeKaJYn2eNsEfKcdajaF0YYkPP41JDIJI/U4x1qQEbR8tMRWZ5YeSMj1xzQtyrcfdOM/NU5bPHOaSSFZOoBP0pgPUnbkjI7YpPwqFonjTKHj0NCTc/MuDQBa64NGBtHHNNTDNwc07dk470AFDfdopOGYUDQmN3Q81Hzu68VIcKaRl3LQUC9ODScjpzRGTgetLzmhCYnJ68UpPBHU0bWyMdKN24Eg4NUSC4yOcUrcZpobjp+NL94g9fpQABfTrRwucDml6dAd1H07UAA+Zc0cd8/hRu49KF9qAHL37/hSH6cUvTPrTW9+aAAGk5JANJuOPanLg45oATaF5PWl5FJt5NHt3oAUknmnKCBTQC3SnfwnjLUANfLHA6UEAAEZIpF7VL2zQA1RngdaRl7YpwI69/Wk7YoAZ607cAozRyFI6ik29MH86AHccelJ9KMEcZpVx0HWgAydw4FG0ls96OD1BoX7vXmgA9wOfpTsDjqKX73HWkDbWI70AL932o3Fj0wKT680v8ADx2oAdkd6axLHIOPwpOM8daD8w5oAXG0kdTinBj3444OKYMLkE9qXcWOOw45oACvTnA9aUsdwB6dqVXU5yOMdqY3qRQBIx9eaZQOcd6VlXucnsKGALjpS5z9RTc7frSq2VqQFAIxS/Wkxjnv9aX270AKxzjFJ9Bn8aOfxpP50ALuPPFIBQOuTzQVC9KAF3fIRg5pwwqkCkCjrmhsYI9KAFpc8YFNX7tOoAQDsOCfWn/dUHj3FNZdqk85oGf7uKADzz6j8qKdh+wUj3FFAH5guGThWyBxSzxfLmPrjJ71MMqfmPQUqqVBK85Hevjkfa3OevRthkwOo/WvEfHdi8EhnC5GTXvl1FhpIwMZGea8k8eW67ZIWUEc8+9aIaPN9BmaS45YheoJr02ykWW1Qg5wME15XZDybjaOFXgY616RoUzyWm3DfnVD0MvxIzLPE6thFYZ9q928J3bXWjWpwB+6U57dK8M8VJuspNwxtOT/AI1638N7xW8K2LL8+YwNwPpWLGdj5nqyj6VDHINxzzk0sjDPtULNuk3KcLioYDpd7SArwi9c0vlZU/Nn0ApshLfJgmhYcHBwCKkB1u52scHrik+5IxIzzwaFby8461Fzu4bHOfWgZY43Dtk9KdCpVWJHfpUZYZHODU6SBU/vHucUxCbVRVYZIPP0qV2DMuTjHvUMbl+AeO9HlvI25ACB13VQFtZmKDIyFpv3lJzgelRqrFti89z6VKEO1iTx3xVoyHyktp86P8ybOQOa+qvgXJpfjP8AZxvLRpYb6/sFklEeDvjZBmM46/w18qW7by/XBWvpn9iXUII/DPiWymhxcbt4Yj78YBGPzNd1E4K6fQ9q8K+NNG8RaNZvqNvEdSnhEfk+SxBTHBy3GMe9fPmoWi6d8QNRhiCx26SMI0Xoo7Cve/BdxZj4W2OoX2nSXFzYRyRFo4Q0q4Y/dPBxgivn6+vFu/FE10hk2zNuy4wRk9D9KqtsZULXZ5D8VrRv7cjkYfKsrHgc8gVyXlkYbOWx1Ir0b4sWe7UGuF5GPWvN0YqpI5B59a8qR60WNAzkkn86m+zrJk46nrSRg7snGD7VKJAvynP5VlY3TKkkMinr8p4GKeqvgKp3D61NMvmQscEEHjFNgXMZGMEHNIYk9v5ajDb89QO1JtEibfwqRmXj5tv9aNyqy4BIzQANbqiJ696fuXywhz7DFIq+YoJHPvUzbFjbaRvHFSUVlkO4LtwM9SKbInIYFfSnlDLznGBSsqxhM53HtVCsPj27cH72M02Rj91sY+lL85dQCOlLu6hiM4qhWBV2xnbyhpY8lQAcD0pkkpKgbeg7U62EjEoBk+tFwsXVkLKGU7wOCKuSESR/IvHvWbEGiduzDgirAuG5VM7T1ouOwso+ZTgHHBxU0k26HC4yO1UHkZjhDg59KsRNui5PzZpFWJoWXk8Zx16c1euLFrVoRKyHzY/MGxs4Ge9ZKSYck8gU9pt2CTjAwPSrRDL+0OwAPOCTUoDxyq6kHI6VlW9wI5CF+9nv3zWhbyEbgPmYVrEzLUkYaPf1Y81q6bpqzWuSAdxweO1U9LzdMZDEzRg7Sw6Ka6a3hSGEqBgHnpW6Rk2KFEdqtuFHlqcge/rV3TtsbBZOAQe/eqiq24ZXj61dt4xIpHG8dzWqMmyWS/MfCgY4rD1yT7YsiYUhhzt4xWhGC2c5+9jiqGoR7YZR3YYBzTEfHnxNsRa+ML5W/vkoevGa1fB8hNuCi57e1R/FmFh4ouCyYHJP0z/jTvA8g+xYz8pYkCoaLR01/J+55AXPpWX4cxa+MrFn4ZjxWteKrW5+UisTTWMfiKxkdSw34DYzUWLTPfIVDTZByG5rodLtYZlKO3lnaSCveud0+RZBCV6bcmtbzvmQoNv41IMJjnC46GiU8LtFOXLSKc/KOtS3SlY1IK+wzRykmPNJ5MgfG4d6SD/SCWz2zSvj58fQ5PFLCDFEg6+4pqID42Kn5V56Go48CY/3c1DJfJb5HJPXINZEutsj/fHPatFFhdHQ3Tqg/hU1BHqCqwLFSR1rlrzWGC7nlz6c1m/25vuI1VmI/iwufxq+Uz5jvLuV2UuskSBufmOKbHOu0L5qscdAa4G8iW8Z1xNJn7oLVFa6FMmB5c6Ke5c4H60rCueiqpPJXJ9aeruxAIHHQ5rilgvkUiK5khA6ZYkGmSQ62qqY9SHXO3/Ip2Jcj0SPdHGu5AMnsc0txKVXofoBXms1/wCLrUhkvYmTPBZv6VBN4x8V28gWe6t2Q9CFzS5WRzHpD6iFbY6GP8KfDqSOpy4OPavNV8aaqxzM0M+P9kinR+MLrvpqkdzG5H860UGHMekf2mq52sG9c9KrfbGfdskIHfHSuEh14cu0c0eOq5FP0/xmv23yzHK4PVSMfrWsabMpVEjsZJtq8u2eo5pbTWjnAK4Xqx61mXV5uVmZSoxnB+leexeMrz+2nt4IQYM4ZnHArojS7nLKuew3F1p3lkJef6RnlM8ioDqVtbsVEuGION2K4CxkkuNQadiVUDIZelMvr2WfUo+CxYhQv49a1UDP2tz0HwXr0Nvqls93JhVmVmIIJHzen0r7OhvBrVlZPbzbtN5LsD1r8+9OZEvpZZXSDyWK7pThPxNeu+AfjBdaZY3EMWs2ax2qjK7TIuCc54NbRjYwm7n2C2p2Is9sMkYRU6dCKNJuYPLGbiNeM/MwFfPN78VrHXtFZdO1TT4blgrO8uVVuecc1zuvfETVoyrNFa/Y8bVuLWcsCfpj+tamDPqqS+tFuf3t3GBjs4/xqRtQsCMx6hBu9PMFfI+m/Ea4htbiSfTluINwUSiQh/yx0rf0fx7YagskM+mzJHtyJI1LH/69DIsfTAu45flSVGPX7wxTVuoGhkG9WK9SvIFeI3nibRLaGGOS6urB8fKxBAap9I8YWsc0Yt9QuPMkOEDwMyNx3I4pXCx65BqcM4tJY5sgOdwz+FbBwygg5UjmvF7fx5c21qi33h68YJcMnn2iBlPP1rsdP8fQKqObO9a3YcqsBLCqRLOvVjGSFH6VMsgZRnIrIs/EelalKot7xS7/APLN/lb6Yq/LIsOSM7ehNMkscEnAOfWjA64OOmaSNuhBwPepWXpnp1NUgI/L3cj+dJLEpwDzT+C2QM0ikHg8UwKyRvbMecox5qWFg7HByBjn0pZFG0+1V7Bg9xOnoFJ/X/CgC7TfrUm3aoOcmo2B/GgYMB6cUbcUKWBx2p2PWgdyIYVsZ69OacuVHY8+tJMpVlOcBaUnJz2IpCF570nBX1p2OPWm5qkIB90c4pEU7myPxFID0/rUmO5A96YBt9Cc+tI754PQUq8+1DfKKAEJz3oVe4OKNwPHWjpj0oAcPehumM5FID83P5UD07UAMbnGeaCuehpcdsEU0Bh70AKc0c8j9Kc2B25oZcHmgAxjr0p+7bgimMD0A4+tKoO2gAx3BzS7vwFN9s80e5BoAf2x0FJ60mTuPejcDn06UAHBOSaRvmwCQaaGNO3ErjA+tADvwo6Zx1ptO6KfWgA475oJHHPFNBPTqKXBXoaAHqvBNLTVGfancfjQAcUjDcMGl4z796XbnpQA0KF6UvAo2jseaOenWgBWYdhn8KRdzEkDtg0q4Y4xTvLHsBQAxVC885pccikyVz3+lNYk85+b3oAf93jOfek7gmj/ADxSH9aGAo+anfw4HIpBjJxSsSMAECpAFpeaTjt1pCpK4NADqNvbv2obt696PM+frk0ALjbSdqc3NIM9KABSO3Wlf5gc4FN+lCr9aAF27V+U896dGMcg8+9GM8Un8XXIoAVjnPOQaduO3vTPft9Kf2GPxoAfG25QcGimbh/exRQB+ZUkYflhg05h5cJPTjip7i3WCTOcgHmoX3MjEjIPtXyFj7Iy7gmYhicNjHFeU/ERAsjFshgc1641uOccjGc5xXnXxIsh9ieQplscHNMs8Sf9zeGTtniu+8L3PmWwwCxPpXByf6wDnB4ziuq8KSLGwX5sA1QzW1+2NxayBjyy9Aetd38IJhJ4V8krwjkdMEc1yVzEkyndxx2rqvhe7Qw3sC8BZRtyOoIrNgd9ubA4wKiGY3B4z2qRnHoeetR7tzKOCAaixQ8MWBJwDmhWPTINOZhncByD2pGVXwdpBHepGN3mJ8bSQaX5lYYXG7tTYpjyvJY08KqtnOWPrSAVxtVSevpU4y+1RgEjFMVVkHAxTu6j1PBoCw9YwrAkA44z61YbDLhvkHsKh3r5Y7N6YpS5ZQSefQ96Yh6Fo2PBx0FKZDztP6UxZS0md3UYxTyu0Dn6mtERYS3O2YZwMjFe8fsnzSSa5rmmKwV2t2ZSvBI3DNeFxsFYZUE+uK7v4I+IdR8K/EaG+tUEsU6iKWMcnbnnFdlE5qiPsn4P6obv4f3MTsJJbK4uLdgeoIY8GvnS6ZRfXLYxm4Yj1Az0r1b4Kwz/ANteM3t5njtbi73rbt2LDcx+uc157400p9C1y8t2IAjc/jW9R6HLTjytnmnxIgkm0+aVNzhFJJxmvJbJpNuWGARivZ/E2orHp11GFLCWMqdx/WvHdxKkBcMDg15sjviOiZsFXAB/vCpgg25ZsVUIfKsVyM+nWp92/ORgDtWBuKk3zEEdaRkVW3ZI4554pJG2lSOQfaoXm3Z3HK1NiihdastvdsoZG2nHNasE26NCT15rzrUrwXWv3UWMRjDccZPFdVa6pE1ikTMVdBxnvSsykzbW43dOMHFDbhvLDKqAS2D3OKo2d0H4U45yeK17TXrmG1mt0kUxSHDblB7UrFoqxfMd5JGD60s2JGB3DPaoIMW6og4Xpz9KkjZnYswXA5FOxRKshXpg7uvNScMuON9U9y7ie2eMVLJ8uxxzziiwWLe0xqSMEkflSQT+WpAIB7VAbkDgA57nFRR3G7kjHbGOaLBYtyTMHZh1PWlW4VQQ5YEnAFZ8spY4yT7Cp4YzIBhWDe9ICyzEqB93nOasW80afPzgn7vWqWyZZvunH5jNMkaTumD3xTQjRkkRskBgD2FNkZCpVTu+tUd1zGoHQMO1RbpvmUA8YzzirS1IbNGFQ06Kv+sPHX0ruPDPhPUtamEFna+dPIflBO3I71j/AA08D3/ia6eURO0MU6xPJ2BPP9QK+lNY8C2/hRdJsY9QNlq0S+cE6pKmeTnjvxXXGDOWc0nY8r0yObQ9Pv8ARri0jhmSY+ZuGTkH1qytuk1s5WWNdoHy96ZrzNL4vvc5Z2wZDnPPUmpLi1NnIwL7X7qRWtrGVymtvtUEnv60YKEFc4JpZ2LLgHBz2pzQtJA7c5UetMREshjA427ick1naxGzW7CMHJA//XVqe4+WMMuR1x1psjn5SOEHBHrViPlf40RmLxBHjgMuGY9z1rL8FsZodo64yMcdq6D4/WZ/tW3kU4RZMnnmuS8GyHz1Rd2Omallo7e7kfy9hXI9ayoZhHeQgKVKtuBzXQWqiZSDyMd6oajbrHAzBBvB4NZGh69ocgk023c/KWA962dmFyPXA5rnPCUqyaPaPkFcAYxXQ3DbEBUHGcmkS2Wgr7eq5x1qOScMoRvmB7gUJJt46j9agh2mZicqi81oosjmRXu2jhYglgOoyCP6VnXWq/Z7fe7COPsG61L4u8YQadpMrXUoWCFSwzjcTngCvF7v4gNrF008ySLAD8kJPX3rSMGRzncXmsPeOViVvLJ5Knr+lVZ5oox8zsF6HvjivPdY8eahPttrXyraIn5n53YrnNT166uJkjE0rRjO4luK3UDNzPWodQ0+3bzZ28xOyrzVO48YWS3WyCEQDp8w5NeLR61cx5KPOyjjGCac3iGa4AyshYeoq/Zkc571b65GymQzQpgd3ArQj14QxZSVZAw4+cGvnuPxI7ZjfzMdNuflqODULq5mjgAuWBJ4Unip9kHOfRTTNMjE3ax452lwKpTeIrWw4bUlL9NuQa8etdD1CRN0srgdiZMGs++Sa0uCxcOU7sc1SpszlUPbbrXLS4hLPqKxkDIzWY2qabMV26hHO/Hy8k8/hXlMfiAXEixThTztB5rqNDjt7WO4u7iLOBtjHT8apUjN1DcvfFWh2U0tvvLXKnBXmksdet75pNnmKVTI2rxXIuto19vW3EjyNk72woPqfWugtryOOCURjIVdrFeBzW0aZnKoatrc3M7LiQtu/hxXQaDYvqd0V+VZEHT1rhrPVb231D7KEjij/vdWxXWW/iay8Pyh0mR5cYbJweRXTGmkcs5XN/ULWe20+8u7pysEaYDZ4z6V5JJrkt9MkcY2mR9mR161r+I9Wvrq23Pe5spWO2IPnv6Vl+HtDaS6850IXPLE9KrlOc9Z0H7M1nBbBwnlrtZmPeoPLS2vpCLlJCCNrDsM1jWrRR4t0fZ83LV1DeH4bTT0vXuEmty3305/DFFikzIvpEmsZoZI98ZkJJboe9efTCLTr6RrFmi3gbkQkKfqK3vGfjC3mP2DTFXyk+ZmxyxrntMtbiTE06qsPr3Y+1WaF631iSCzkE2Q7cKo44rS0rxde2tqsS3UkUJPzxqeG/PpXNapPGAx34ccBaqQtJIuA2MjoTSYWPXPD/xsufC+be60iHU9Kf7zK+JIj6gkdDXZN49ttchD2M0VnA4GAGAdfqa+a1WWKRt0hdD/AA5yK0LSWUIojYoGP8NZk8p9P6fptlrGm/6Z4gVSOm6YEfzrX8LTTaHdPCL2z1K0cY8tZASf8DXzUmoPDasHYAdAR1qhZ3b2Myym7mi+bO6NyDQTY+5PAXj/AErR7i/0vUbyGC2adZrbzmCnJPKk59a9UvptA1PF1pWtw6ffkDcPNGxxjoQetfnxpGrafqnmR3crSTqAYy7ZJx9a9Q8M2tr4ssVthPIl1CoGx2I3D2NUS0fT4WA3SLdi387eNl1DgK31xXXPI9veLBJcKpcfKsh4bivktvAun26mH7dqNuNwRm+0OY43PIyfrXb3Gi+NVsYHt/GTGOFAALuFZSABwQRVozaPoiO8eyl2zKxjzycZ21pw3sMi5Vwx9c185w+NviDodokt7p0WsxRLk3MD4Eq+64611Phv45eG9SCJqlpc6HM/eZCFzTJPZ1fcR6eo5pyru6Vi6fqFpqEayWl0ktueRLGcg8dz+FaSyPCqCQkrj5W6imAXRCW0pJ4UZqrpDBpp3J4dVx+H/wCunahIDbNEoBeQdvrU8OI3hTgDG04HoKYFknAwKj6VK+OCSMH3qDJZiFBNAD1YN7UtV45ArFGOD2q1njI5oAjYDbwCRSRsGWpGTcvoahXCqVAxg+tADo2LKc0MvTjmkRgqcD+tORTt6ZpoAC45xSr15ANJuwPakEgORTAkpGbt+VISO5py4zz1FADV6+30pR8vFH8VOAHUk0DsJSfXmnq2M8/nTT068UCG89qQt3/pS5J4pCT3OKADdketO+8vNNHPvTh+VACM2Tg0gb5sD+VHpSqvzHjmgA5bj9aVSVY/40BecHijYOcmgBVYk8/nSN0yMZpUx3o9eOO1AEXLVIsfy7iaTn/IpdxZeTj0AFADaXcOppPbrRt3UAOGOtK2GUgUzpxmnfw0AIp28VKvzfX1qPgrjFPXJxigBc+hpWHy96TjntTieODQA1VwBnnFBx7gUKdvPQUIQDjOT7igByJtHH55pe2KSNl9DigkL3yaAGJnzMZwPpTmXp1pPu9aVhxnHHrigACn1IpMn60Y9KXHNDAUfdJPWkVfUZ96XAFGfzqQGY+epANq+tAX+I9aRfm560AH0OKUJjk9aM/MDinrlhQAnamLjjIp544zzTAu7mgAGecCnjpg8U0N8jDJyaQNtXkEmgCTaR7j1oBwcnmkB3dKMHuOPegCTjnB4pAeeKYFK9emacUGRzjnNADuRxgGijj/ACaKAPzQDSPaws42v0YE980jEtuGe3Sr2rw/ZbySJlA+fdx2yTVRd02cbQlfKyR9hEy5crnAPSuO8aW5uLXafmXGDxXb3q+XnJ59K5rWlSS3YHpjpWbNj571az+z3LKGyBWn4fk/eLgg47GofF0P2PVAjblVycEDg0/w/Inz7zjbTA7SZdqrgAZGSBXV+BphDksrDJHb0rlZ5B9j3q2eOD3rpPCfytGWcc84JpMDvflkGAW6cZpiKY22nBNAHljgk8ZAoiYvJlsY71JRZtxthYYBpFy0ZYnp2zUcLHzivPtRIvlKy/3qiwDNwC7lGMU9WVjkYzUaqGQbeT39qbyvG7K5pMpMu/vGjGE69KGZ1VAflIqNJnVTkYPb2qRXc8Pj1zipG9R6MBjPJAoYs0ZOc914pIwGPUdaJlPzbAcA8YpogfGxaMHGPfFTRs38QyMUyHKrjGWAyAaljkLlVI61pETAc4+Xk16L8CVjk8eW9vNN5XmqViOM4cZNeeELuZeQc8GtjwPfPpvjbSZ0bL286yqhbAbsRXVTOeofVnw9k1rSPi1qOmJdR/Y2i8+4i2/fGcBh+dc38WDBfeLL65tpvNTID8fdIAGP0rqfDetAfHaCe/iWyXUdJEUaqRtLKSTk/lUfxi8P2Vp5lxZ3ObmWRnaJ1O0qfQ4/WumWxyRa5jwrxFaxXVjcJKvDIQGFeOvGbeZoyRuXhc19AatBFc6PI2AWVMbgPavnqYst1OTk/O3J+tedI7IMkVikgA5+nSnKxXcehJ7801cbQSSDjNSQ4yWxuA96xsdBBIr7SM/rWdebjC2wMvrzWpJKGYgqNhPrzVHUkaOFwpwSKdgPPJrgRahu6gnBNOutXaG8hBJUMwA3CoNatWW+jKkgbvwrO8T5isyyqXkRlIx69adhpnrmn2wxGx4yMEGtFbVPLB/hzmsvwzevqWh2U2P3hQF/rit+3jWQLu3dKmxomV1hLBcrhevIpwt0VRsHJ4OavsG8wBhle3GalFukXJHOeAamxfMUrfTUXJKKcjNS/YRs424xnHStG1LTMxxjb7dKXyQ03f8AOiw+YxJLYLntTvsmPm2jGKuXS+XLu/u9QahMokIxyKLDuVo7dJJhgYAHJq7a2+CVH+r3c55psO7sMHPP0q6sjRyZzhj8wHtU2JbJFt0htZiUU45GO1QWen/aIy7IOOeO9aEkHmRNk7d3T3q5ZK62HmjbtTaCB161oombkZU9qixhQozn0qKLTxuMuwEniuguFS+klIiAPBGB04rPjjaKQqV2n0FbxiZykdr8CPEFzo97JbOB9gF1HdXAIydqSBzj67B+de+fGDWLPxMvhy+sV81FLSJNna7KxA2bcZxXg3wb0a817xFqFjYywxStaPJiQ4zgqMf+PV7J4Otbiz0jwzqOoW63FvDOqzzN8wT58HH0P8q7Y3sedUSvzHmPjazj0/xxfvbp5AbYw3HrlAT+pqrNNJeTF5X3MRknFdj+0VC9j8TbS4jRBa3dmjAqMZOcf0ri9zSRgqBheDSZUXdXFlii2o6tlh94VAZj5TAcHOKXztzY7d6bIAxyBjPFZsorSRllXgH/APXT7q4jFttMeZAeDUkimJsfKSarSqzfMduB05ppgfO/x4hJuLZcYDuTnt0rzzwaSt8y5wD0r1/49QpLaQsoG9Of1FeK+GZPLuu4G+kzRHpdrHtixuwT3qHWl3WRcHAXaelSWrvIpVemOg5qnrUzx6XOueNv3e/FIq56Z4GcNosD9gorq7i4C2o4OOK4P4Z3gn8OW2WO1lwc9ua7HWdWtdKsV85meVh+7hjG5mpxiZykWop9zHcQNwwMiue1XXDbLPyu1ePmODWhprW1wLa91e7NjApLCGQ7c4rwDxt8Sz4h1S5axEkdlHMyRcYLDPBrrhA5JTLvijVF1aaVpDvA4Cscjr6Vy7STzXG0GNY1HPyc/nmqqtNdDz2LD1ZuAKSOSJJhul3bzj5TmulUzn9oTTQvcTBFPHQtioryG2sWXzWZmHOAevFVZtaMUkiRJuIbHzHFV5Le91bEkw8qFTwxGCfp61ryEuZqW/i+OwPlQWm/d3Yf/Wq62rW+tqwFosbx8PtAGa5ZrqOwmAjy5/vP61VW+m+0SPG+wnt0FHKRzm7c6mlviK2tI96872QEnmq13r3iGOMnzlth0XbGo4rnpr6VpCSyk/7LVuRxwX0ALTyggdM0conK5V+3ajJgyXDM/UnOKim+1yRho1aRyeVrbtobWG3e3tEnvLuXGd+MAZ7U+K4l0u4eIqoY87SMlfarSIbZWsfCN7fJGbvbaJ1MhYfyrv8AULZJNJiiglAjhQBpG4z71x91fou2UlWYc7GPBP0rM1PWrrUoZ0nbaCBhI+AMUWIuNkuGkugEYuc+vBrsNPLLbXCmRUGwNnPBrmvC+mW0mny3s0/lPCcLGx61l614gMztHEWAB5A4wKtIGbOreJmu9RLQtyQAcDpiomvgybpJcnOR7muNh1LqykjkitS1tLi6jDZXaemTWhB3Xh6yOq30LSSeZtyY4h3Nej2+lppayCdsnGW9BXAfDG+fSdaWWQI0aJ1POM10mu+KIHvriNJCVk5bvQTylaTXWvtSurW2x5cTBQV7+9X9c8c6lp+jy6WiRxW4XA+vrXCx60LHUJJLcbOWJyOtYl9qVxfSu9zMzAn1oK5S3DqQsVPmnzJHOeK0F8RSNHhmwMcKD0riJrgx4KHcc806PUHZiygjtjrQVY66e/aZdxO/jo1WLe7jmjwI8Pt6g8VyUd5Jty2fer2nvJuOOQeozUjOh89WgcIGV8dasaZeY2gtj8c1lqwRW44xz1NT6XCjbCow+eKgTOtkvAsOAoYMO46VmLcCZsFADVueCRrUorYYelZLCaBgG3LxwcUIkutCVkSVcqFHOODXUeG/FV/o8ymCWWSE43HI3D8a4i21B1VxN+8T2PNb+l3cDYCHAb2qxM+pPh98YtNGkT2OoR5E5GWuACre/wBa9L8E65petWrLp9150wDNsYjB5PGPSviWC1ulnSVbgtEHXMJXnryfyr0LRfFdlpOu2n2K8nhK/KXjUrt74NMxZ9VXGpXHhVo7qWFX0xmCzKzf6sk4BHoKl1Pww93G19aJBd27ZJVSrqwzXMaD40udW0l7S8sFvrWVT8/BJ7cisrwl4xufAOtXEf2acaaxzsxkEHpxVEHVaZpMItftOk311o1yrEH7OxK5GeGT0rR0X4ral4XYrrphu7AHa88Aw49yp5/KsdPiJpNxfNeWVnPbzvyy8KG49Kt614h8P+Jykeq2z2cgQAXAXjOO5o0Cx6F4f8a6Tr8Mt/ZTq9su4BA2W+uO3410y6jDJp9pcZCq21uvr1r5yuvBuo+F5m1DRr9bmzlBxJHgEDA6r0I963Phv8ek1rwuum6/bJDfJmOGZB8j8kAHHQ4AP400Ox7lqWpwQ7Srrhm25zV9YyAB0ZhXGzRpqN1Z4tnSHZ5oYchsYx0Pv+lbn9vHT2xPE8kfTKrzTJNC6jwo65XocVJHll5JqmuuQ3i4iDEe4xVqOVg2CnBoAkYYU8GouN7Y9Kl8zBwEaoZGCljznB7UAMjynBx70uS2No4NV7FDcR7jnGa0AoAxjjpTAYsQx0JH1p3ljPA5pdu04FO578mmBC8Yf3pm7yfvAlfbnFTt1+tRyLuUjsRQA7duwR0py9yKjhOYxjtxU3RfrQAz1zSL05X9KX8OKD7igBhPQE4/CloGO3NDD5uAcfWgBfTNHbik605aAE42nNIvalIPHpTW+Ujv60ABb5h1pTnpQv0NLxtAFACqpCmj0NOzkECmj7vNADANxOOPxpducnqFo2/MCeKc2PL59e1ADPm55GKUMD3waXadoPH0o+97UABXnsKXtSbhS9QaAD68inj1H6imcrT+epFAAoyaOlBU5yMgfWge1ACdO9Lu/P1o5xwKB69qAEQ/N3JqQnt37CmqdrAZ/SnMc5PfFADMn15pd57Hik5ooAfx6Ubhx696Qn06075CuMc96GA3nnI49aQHtjAp3500Nu7/AEqQHY3dOTRtC+1J0ooAUe3IoLfNxnrTgVCnnmo+SODigB+7jPb6UgbKj0+lLnimbgTQApJLDAHFG3v/AFpT6GmlsZwMtQAqgjGevqKfu+XA/HNMGT6k/lRt29Ov1oAcn3gM5FO+7UeTzgc07070ASAHHAopuSKKAPgD4mW0Fj4ou40bAYKwX0z/APrrk4RtU4HAOMHvXqn7U3g+28L+MtFv43kP9p243LnjI9BXl8CjB2g47+1fMyPrYO5TvkLfNj2GK5zWLMfZ3J4IGea6i8SQA+3OBWNrSq1nghsgZNY2OhHgvjmNri6jyOFzxWVof+jzneMbuOa3PGkLrMz/AHiGIHbFc7p8fnSJ8zAg5INGoz0BYgbF8jqOgrV8LSKlxFnJKsOG9PSsm3ZVsUJ7jmrXh9c3q4GTTA9imuUu1TKrH8oAwMVUkQJJtAwO/vUdnHIYkYjLEdDUu0vIu/rzxmoZQqqFk3knPbFLJNuZQFJP0qRWVFzgk+lLJsboOfWpArR71Y8YH0qeNAF6gr3FM284HbpSxSeZkMArL39ahjsRNjHA+XPNTxyBnUY/ECm7P3hxkD0qS3O2TB6VBQ/lskHpxT49yrhs+tOZV3YRQe9DYCcjrTRI6KRgcHpnrUsmFkX5WA/vVVdSqh0/LNTeY00XJwfetIksmnU8N3xn602zmjtNZ0qeTkLcp796XzGMZAfBzjJ+lRzgLGssZy8fzDvzXVB2Mai0Prj4vW1rbf8ACu9dhihtJp51gYrgth0H9BXWfFLR5YfCr3Mk6zGNQqADAQY6e9cLDZ2fjP4J+FLwZN7pt7CC/Od2Qp/Q123xA1pr7wrPaxgIqrgE/wAVdL2OKO9zw6Fi2i3JzldpB4rwjVImivJwRxuP869m02+3Q3NuckMCvNeT+JIRDqE46VxTR1wRkK2Fz1OKWMgqSGz2JFNhYBcAZ+tN3CLgKQCcnFc50jjw+7b9B61UuMFGLEGrEkpVsj9arPA0gO05700DOG8RJtcZ4+bINY+obUsmdxkZAya3vFUDjaXB29a5/UGMumuCDtTnAqiDvvhnMbzQoSWGMnB+nFdxbyFgFYZBOBXm3winY6SsZyQrMAOnfNelR5ZlIB+Xk+1TYu5bjTy8jPJokVpJAfvMxwKkWFnweM465p/2dsDbweu0dakdy1DaiTAXGejUzaBnAAPPerNnC8eGx156U19jOxccE4wBTsNMxrzDSAdjwagCKi8GtG6VBgKFzn05qo0ZVslsgdaVi+YSInepPpV5V82TJXPAFVI2baXxyegrQgXzAC2AcZpJCbL8km61iTaNyCksJglndKVyxA2/gaj2kKpxvyc5FPjYrvZep61rExZNaeYLEyOMMXw2OuKbdRrHMu07geh9KSOYvb3C7cngrzilKl4wuDtBx710RM2aHhGY6d4gFyIhM+NmO+04J+nKj8q+rPBurWf/AAoWG8sbBp/KtpDLbzgqxmDHzCM+jk/lXyn4Pvf7D8SWl1v3gXCbgw/gzgivetL8ZDUdK1fSPtqiM6i06dF2IQDsx7nJ/GuiL0OSpG7ujkPiHrMvii60i9vEVZY7Xy9q9uc1ykjMrZAyTyK7T4gW0K/2abXBI35OOwxj+dcesbMQN25vSkykQK45+XvR8zMTwcUiK0MjKwUAmnhRHnPc1myxl4jKisSp3d1qpF8ynLcin3TsrKAcITwRQ0g8sdvWkSeUfG6zM2ks+MnGTxxXz94aYNdKCuccD/Gvpn4vWom8LzsjfOykfhXzDoMht77aowQcU7GiPStGb94uGOO+Kra9lvM2dcHFTaLu3DHBxk03WmSNWZiFOM9aEmEmjd+HN15Ph+WKJg00TDir134uj0O4a6ljN3f42RjBwtcR4f1dbOG7jSaOIzAAnJBXnr0rK8SeOorGYiF1mCnmSumEO5yVJmneeIbrVNSNxqcuUYgrCzHaB1xXC6prFpptwrrsYAkjt3rn7zxBeapcMVDuM8MD0rW0/SraZY3vdh2j7rNXfGNjhlK5HdeJbzXlEYHlwqfuouK1fDuh3N1bzXihSIxu5OMD1rI1TXLLT1JiRQVP3VHauVg8cag0rRwXEkNvjb5a9x71skZ3OnjuLQ3k3mXCmLOSc85p8/xCsII/sf2bzUTo03UfTFcFdbrjeeQvfdWdIw3FScnHFVYGzqLzxEbyTcIwiA/KR3qBNWKyZYsF9c5FYEcxbCsQcdNxq3FA20HBbJ529qVibmjcZkbzUZQD3Bq3ZS3EjKoyQ3A4rOtY52bYxATPHrW3byfZhsVs49aVhI2tPvjpbMEbMxXaW9PpVNy6yu6uXduTuPJpilnVjng88U1NzMBlgR0osBD51wx+dSec8DNXrdJ9pkkUhcelOt9RNkxyQ+e1ZOueJJbzMeXjGMfLRYCbVtcW3i8pW+mDxWHLdSztlsN6HNZsnmSMHzls/wAR4res9BmurZJthVW4qiCOxt2e4iTBd26Bea7P93aWKwnPmDoelVfD0cPhmNphGsl22cytyU46Cs+S8kdi8h3Nkk1aEdDY6k1nCwWQBm45NPj1BbdmLrv35y3pXJNqSrz1bPaorrWXOB0H60irl6a+bDEPuOcnJ5qn/aRkchs47+1ZDXjHJJGc4pufMbfn2oHc2JLhFwQB+NPt9SijlUhOO9c/N57MCvc4pUWfdtPBHXtTC52Ed5BIxO1TnrzWlZyQ8beD02g1wIuLi3G0Ywec1o2OrNGyjacjp71FguekWHltJtcZQLzzzWpDpbRyCSIfJ1rhLLW2in3bWyccCuks/Ezq+AX29SG6UrCOrjVmwM4bvyKtNFHdKiTJkL0J4qnpupaXfKjXW6BM4Z4eWroH023WMSWl+Ly3/wBvhh7YppCKLeG4dQgKxgQ/Tiq1joR0+8XDjA/vHNbE15HZxE42nvmnQ3dmsiF2w7dQelWkJlyCGeGQOzKUBzz9K0opo1O6R8bf4geaoIRuHkzRyr3UnNRahDKtuXNuxA4LIM1VjJnaaJrl0IT9muZ1THDK2Pb+ldHbxXeoLaXNprsv2lHbzLVxndnp19K8v8I3UsXmBspFuyzHt7VvNql3Z30M9nKm/OVBPv8A57VJB6xHqUy2okuYGWaM/N5ack9Af0pdH8ZIurQm4uEdJcx/Y7pSQ+R9OKxNE+JlzJeww6tZxxJJwbhOce54r0XTtG0bWGhkudPhvxGdyXkMuM59h0P+FIoh0XxJY2cjbrc70co9ox3IVxkY9qztd/sjVrXydO8Py6ROxPmSIv7tgRzjHQ5NbmrfDWNrtbjSLz7LccHyro7kI9q5fVvHNx4Z1Z9G1FoLTUYWG6NULBwRkMp9MfyqRmh4H+LGrfC/Xrew1O6k1Tw/5RIjA3PEMEjtmvoTRfiFY62qTxaZLDA4DCYsGUgjINfPkvi7w9440ebTr/STbz7cw3oTBbHG7g59iPasmxm8YfCG4SbdDf6bv3FUkBDR5/unkcVQuU+szHHN+/tNkrdxGQf5U9dQEa8hl2nlWB4ry3SfGXw58RNZ3Y1d/DmqTceWJNokPUj0q5ceJLnSbweVr1nd6aVJWQyqWOOoxTuLlPXIbuG4A2uu/HTNZesMY5BEm4SMP4elcvo/jGx1tpIBK8VzEFIlMZVDkEjB/CnQ+I/L1O5F3ueOMKvmDn6n+VO5LR2divk28UePmC81MW6cYrPs9ZstUUC1uI3fsBwatwzM2Uddrr1zQIkoOR2/WmM23nqPWnLJuqkwHHt61Ftyc54FS/e//VTGX8KYFazYq0yN2firbY4xVNSUkyRyTkVcDbqCgJ+XFB4U80oO3jikLDkf0oERjmnFRxilHrmjd2HBoENVgrZ/nTt2TmmHGad9KAEx60hz07VIF3DrTMepzQAm4dM4py4/hNFKetAAmTgHnFDYXrxSkd6TJK4ycUAA+6T1o8wNkYxTR39vWkweg5oAd70jHpmnbM8U3HPtQAbh+NNb2GD3p2w7s07HzUAIAGbjIp275uSTSMw3DB+tC9etADqTninNxjuaCp69DQAnDcr1pOO5xS03aOfpQA5ZP0NG7LHrj6U5vudMkUznjHXvQAooxinKBuGDShtuAfu/SgBmdvenM3y5GKb/AJ6UM3TPAoYAzHrwcdqcvzbvuj07Uny9qTdt6jP1qQFUYx159aU5ApvPUAUvVh1H40AJuOKduHUmm0devSgB4obHHpQvzDJ4o7AZzQAfe60i8dsE9KXduXjk0m8cHPNAB9CaQ425OQKJG3cjj6UvBHqMUAJ1wRUm70FMYZX0NC8Z6GgCRcEUVHz6UUAfJ/7VFncXngbwfrN9MZ7qNVj87bjOQO3414WrJKE28LjnHGa9m+LXjJ/HnwdTw/cWjR3FhOnlzg5J2nntxxXiMKiPYm7oAP0r5mR9VAfM2d2TnvWbqSh7KQKwXitG8UMAQQMCs6Qh1KkEr9KyOmJ4l8QI1jX5WAbqa4vTbho265OeK9M+JlqPs24RjHrjnrXkizNHNlDgq1BZ6RY3JmtYwdu7HGRTDfS6XOku3ALetVvDswuIQSwyvHPNa01v9ojYOFwOee9ID13T2Y6baTkHEigjac9qnUq8wJB4HrWX4bvFn8MwAHIiBXGORV+3ZERQMksM1m2UXPlbB/hHGKiEmJnCgsoqRjuTCjFRMuwA54PXHWpYwZvmBJC/Wmrt3Zx19aRmLjBA9s0qqI2znnGKTEPhVuSBmpYcq+SuE96bBISnIAPTNSsRtOPvVAyRVPngnAyOMU2UMpYbs47UqSANyOg60xZB97GMnHSmIQfvAMk4p0eCx4YiopP4hnPPAqeBgvbORWiEyTaTCDzjOaljDNCVICr1z3pix5UevbjpS+Vu524xzW8WYyPpT4Px/wBr/Dm7tTqC2SW8qzAsoOMNn/P0rtfGdrbyWLvbTvc2iwA+aw27iehArxj4G3Fxqml6xbxcKidj1H0r2qXQbqD4XjUJPMuM24Hkx4IjUHAPPXgV0J6HG9zweGMx30qqcMAfvV5542hkg1hWIKhxgcda7y+kMWpyDO1sgc1x/j6RvtFoWzjnrXPPc66exx0kbRzDjJ/Sh18wBT68VbkkDDaw2iqyqqt15zWDN0yKZQzbccjsKidS7AA47cU+TDNuOV9CO9OjVmdccgdqSEzlPFNq0kG1eoGTk1xjl/sciopfPUetd54ojEdu+5c8Y64rio18xXboFHRea0JRr/Ci7ZryaAjb5bbvoK9ekwGznH0rwb4a6gR4yeNBhWwpy39K99kRV465UEUMdyazmUSJuxg8VoYXedv3qzI1VHXacnpirscjqW4wfWpKuaNtcMw2A/N2qteBlZlbg59Kjt2zMHY47ZFTTMDJj74YYzmgZlXUYDED7wwaZJlQCDjPBq7eQbUPbPFV1z9zaM9j61JVyGOMhssTkD0rasbcyFI4hl/LLYJ649KzIxukZWOARWpaXTQ7CoyF/i7j6UiGy/Fa+dasiEZAz1rPeR416Yx1xV+QN5IKkDp061DJZs3PQYycmtImdyGOMxgSnPPWtGwge6t5gMDbyc1UhWVo3JU+UOpPbtW14ZVY47pivmEryPat0QzIjzauZsk7RuAPTg19D+B7jSvEvhnUtOm0+D7a0JlWdFGc7ODn1FeBTTiPzIioKnofxr2f4HbbXUmV/mjmgw3H1rVGTMrWoXXTImc5a3Ii3dec/wD1q5dj5U25fvDriur8QSIb7U4kb9wLglV9wTXJyMzXBbBVStNklO5lxNk569KchMikqeOgpGbzJn+XgDqRUnliOElCAR/D61IyCdvkRMA4Oc1CEIw2eccCp5MyKCRziomLNtx9KLCOV+I0Am8MTjG7EbH9DXyDa4W/kXAXa5BNfY3jPDeGL4kE4ic/+OmvjSaRYdUusdRIe1Woj5rHo+lSCKFST2BzWL4q1eOMeUhy5696rtr32XSUKnLbcHHWuI1TVGv5Cylt3Xd/StoQMpzLWoeIHijaNNxOATt4rIuGlvIvMdWjUcjd0NU2ukhYtO4w3UE81V1XxHdX1u8MC+TCpG0jqa7YxscNSVy/NrMenW5EQBk9f/rVg6hrdxeEtvbjoFUgVF5YRgXIPHzE9aiuPJjUmPDHOTkVskcxO1150OH64weKpzSR27ARK2COSarSTM2dqjJ7KKmhtZTES20r9a0Qx32ySQFAx2D04pkkfmfN396ckUKocsQR6HiopJhlVDfNV6CLkdrDGuAgMxGfmNaWmyLtIQYz1+tYgkkZl79siug8Owia6AYYVRkntUiNZdM2R+YQrOemKbH+7D71Ut9ammvI7eUjdkdQBVMXKyTNgcEUAW4pIyM52jHNNub+O1jLLzxway5mMaks+F64rLmv2uNyqzAAduhpWFctTaqY0L+adx/hFZM2oSyyblY7feqzsfMJY846Ve0zSpL2ZGfKxDrnpRYG+xo6HatfTBnQ+SOTurrJtQWOMRQ8qv3VJ4FZUlxHb2ohhG1B/EtRxzC4UKMgjvQRcdd6s8IAVVJx3qmLqWb5UUbicn0pL+FkZMglP9o9KrwqW4GF7cHFUibk0jhX5xnvtNLDGs2W5I/WkVfLxkAipFIVG2gD2XmmO5WazRpMKOvWp7O3ff5WMqvfFSxwqxAzh8+tWlxD+7RmJ78Uhi2tskbbpTx1GKjuNQjjL4jLns2KbJG6ghCzeu6oZIQ2FI24HQU7gQ3U32gq2MccAVXF0sDAgFipz6Vc/s+SSP7o29sU3+z1VsMT07dqRRr6LG2pTLtyGPJycYqe+d45jsb5RwcmqumTMikIdqrxkdelTTQNIpBPJHFQBZsdRaPC+b5a+qmul03xI1nCR526Pup7+9cHJuh+Xg+uKia4l80AKxHpmmhHqlv4xj1Jis21IgcDmtZLjzvmG1/Qg8V5rpke5SJUwMZFdLp8mxWijuFP+zmtUI7XT7tYXVjtRuo29K2YNev2R4YbldjHJU45Fef/ANqNbpsMLy5GBsqpJNKQAscqt13cgj2zVGbPSY9VnjZoXKAH3xVnT7dZo2aWUptPyuprzzSb+KO4/wBKW4mH+wM4rvbfVYLS13RwMzdRE4zkVLRJ2mmw3F1Cipdbo8Z2MASa6Hw1qUvg2+efzFFuy5Mbtxu9hWRpmm2DWNreHZbrIg4aQKS3oKuas2n2sLAKkw6ne2cVFikesaL8VrbWII4L50ikVg0csfG3FbvizxZompyXMMmj79Rkty63TwhsHacMG+tfLmoaucMkEflRngSKOMVGnjfxDHNFJ/asd1HCu1Y5hwBSsXY1NWsNZmj+0iCa3gwzyRs/G4sT8o9CD0pq+IBMsFk8z28aDajzEggE5IBPvVWfxdeahH5k0+HUhjH/AANg16db+IvDnxA0OwE+mRjULH5QsceQxxjJoA4ySaSytjbz2/2u2c5BxlkJ5yPwrOb4e+KNSgXUPCd7b3MZyHtbhtrR8Z4z17V63qng6+0bQjq2hzJcxCMvLZSKG+uz0rjtS02DXNKt9X0gstu3F3aKxR4XOAdw9PelYDk9K8UfFT4eafE+r3ciQs22SFiCjZyDj07etdp4G/atn0vVFt9UhYxNIscf2ggj0PJ+o/KoPDMGiXVw1rqGmfbVkkPnSPl5YeMAr7DFcp4is/DVvcX9k1lDqVrI5UtMR5kZORlW69COaZNj7Z03xRpnjO1iksjFa3jxrKjwnGMk98Yxwf0rYi8TalpdxFHfQCUMuFkH8a+ua+AtD1rXvhmBJpOptPBjGy4JeMKeiEnp0r6M+E/7QmieMo7bw5rMKaTqjn91EpzGzHJwpzVIlxPpuy1SDUIl+ZY3OCAx4NStK0bAEY5rgV1q40VUuLeH7dZRMFuYWHzqvqtdnDcRahYw3+nS+fazDch9PY56UEGmrFtoBFDH5ap2t4p4ySCcdelO1C8S38tMEtIcCmIcV8xgF571NCS0fPGDg0kKlRyuDjk0kahZHUdOvWmgJd+OuKUsMUxvmH/1qUfkaoBM/nShs9aB7UEH0pAIvzNjOKKNv4UuKACk4opD+VAC0itzzS/XrTW+bHtQAp+9yacD6Dio/vdT1p+cZ9KABsHr060nrjil7e9HPGaAE2naM0vO0jpTiQBTO55YfWgBM+ho78ZpeOuMUL8zHpQA9SMHB5obcW9vamZxkADFODccGgB/8VDfepo/Wk46nPFACjml74pO1I3t1oAe3P0oyMHP6U3cGGOv4UrfKPlHegA7YFOGTjnI+lNIz2NAO1cGgBeO/X6UzdjqTj0pdxwabUgLuLZzShAy89Kb64py5PFACnlcZIHbFKuMjmkyF5J5H8NJuxzkUAHViR2peMZ5BpNynORQMsCQOlAD1bPej6Dj601W8w8frTwuTQA0AsDjoOtJuPPajdt4PejPQGgBOhzinqPl96NvzcZ60vTg0AJmkVgy5HFOwWUd6MY6CgBww3NFN8zP8NFAHw5c6pJarf6ReKYi8jSFGHzBiTmvPbyLbcMFBK54r1f4raXJZ+OtcmmT92zkwN6rxXlM/MxOOQeBmvmWfVxRXmVejfrVGYPFIdh3K3BA7VfkT5fnHNVWblto565rNm6POviZY/aNLONwlzxz0/CvCnPlSyL95t3NfSnjLbcabKGXnZjdivm+8t/s+oSg8kPyaRZ1nhOby1CnGGPeuk1BmRRkZPbFcj4XkP2xEB79CMV1V40l037siLtlx6VLGd/4Hm+0aU4Dcq2CPwrqI/kC/L0H3sVxfw4ZZZtQtpJEJjK/d9xmu3ZVV1U9D2zWTGh33exOemKa3ythenen71ZmUAgDgdqNoVsNyT3pFETKVYfxCiTaxBBGcdKnWPIxiovLRdxIwR04qughY03qCAetWV++M8Y9qihkO5ey9TU/mLNnsRUMAVEyxBphUO4GOD0apsYHzAAYqJm3dD8oFSSMNuVOTtyPSpbdi0ntUUbfvNvU45zU4IyrZwMYxWiEWd4WEjILZ4oE2QQCcgVCrEsRu+X2qZSojYAfN0rWJmz2v9mHQZ9XvdSjikEO5PnY+lem+CtS0HR11/wlr8lwtzauY3uHkZkZSflAAzjrXg3wi1q40vxIiw3r2zY3bV4BIPGa+mPAdvZRavrUlzq2nXbaoA0keA0iSYwM/h/KuiJyyWp8++MrQab4iG3DRbmx/dK5wp/LFcN43iaeFJGG3Yw6V6n8XvCtx4X1S3jnuVunkLMGXj5QfSuE16OG50e6R2HmKoZPc56VjUOiGx5zc5O3A9qgjwrHP97mlmZrptoDAIcEnineV82VOF7571gbIhaQMQMdDx71Lb5DbsEMO/al3BWDHoOOlJOXZuGxx2oiDMHxVH5kDKBncOcV5vZ3EsMlztGccepr1XVET7DMzDJC8flXlmmgpq9wM8MN3rW1hIzfDLS6f41t5CuwmQH68V9H2EYvLeOVyxO3GRxXzzLsh8UWDNkebKv88V7/AGBe1t/LLfKlJgW5FMcygdD6VoRAsxC5Jx0JrPt5BvO4bh1zV9X2yRdck8YrNjLAXaVCjPGTmljXzGUEgDdUikzcgEH0qNo5I5AQBvz930oAbNMkc2yVd8YNULkp5zFE+T61dmhZuW5B561nts3MMsT3pjCLzGk5/wDrVoxkMuOgHpVSEorMSCT1FWYAGUcnO6hEs0rOJ5rchWxg5BNW7Zg0bqwyQepo0xkjiwejAg57c1GqxRM43Fj14q0iC/pv2dbG8S5faWHyg96q+GLp7G8lycxSLtYZ9aj4k2AkOMDg02HEZwoI/wDrVoiCzq9mltfhozuj6nnivX/hvqsVnqFmyqpDIRxXkOoPFNpkci7vM8za3+FdZ4BunWGDezDsDjkGtUSz0Dxjo9jGtzPYz+ZMr7pE7Ank/jzXn0i7RknHH5V3PiS3hWQ3UbY8xMSKvAJx1PvXEarCqrhc9MnFWZmY9yFm2KcE8etPmcySBQcsO2KorJvkOcBh04q9GS2CSMnpUgRMoRckYHpUDEDJCnaASamwNpDKAQfrUc6GSNiF5xgBaqKuRJmdrVjFqHhe/jBIfyW6/Q/418Q61CYNTuC/ygyNnFfY/ijxEvhnQbl5doeTCgMfY9K+LvEeofbNUmIK/Oc4WuiMWZSmRXmtZgEVuCVAwxxzWbqszafbxRIn71xn1qK6SSziKg8Maj/e3e0HJIH3j6V1xjY5pTuYskZmmJkXefSrMLRqreceVHC07ULmK0VhEQZe5NY63LMzMzbS3FbGDYXV8XZtpwvpiqq3HyjcSGPaoZmVG6kt3pGYMwAOSRxVEE7XAjb5Rudh61Alw7ttJx6ip7e0EzhGdkOM5q7/AGdEqAlt/OMUDM2NZXyFUtj8qurp6TRh2++K0FMNmGCJ82ew6UecnOQu3rwKq4iGytzDIqlOtbqzpb2xQZEh5GKyoblVYcBT1G6rEupRsPuE9uKYDmuFVldiRn1plxqsdvwiAHsTzWddXDzqcDAHHzCqq7mbgksB3poWpYkuZbqUkEMuOQKmjhEkZUKQSO9S2sKiMt0JGKsQ7UU/Lk9BzTsSyOx0VVZXfYfXJrWknSNQo+UAfw1mtPtG0/N6j/69Oa1ab59rMMYIBosSE1xJIhCZ4/vDrVuBQYwej471Ws4tmRty2f4qtxQyXEpEanP6CmS2RSN9pysiM/1pjqlvs+Xao9KsPG8Jccj1JqKNlViWHmbenpQTqQzSLJhQeeuahVtqFQxO7rj6025mVS2w4bqV6VXkupVUfKAD0x1pMaNCG4SCQEkFu1XI7wXHzH/voCsG', 8.23);
INSERT INTO `atendente` (`idatendente`, `nome`, `email`, `senha`, `status`, `foto`, `custohora`) VALUES
(2, 'Armando Bretas', 'armando.luiz@gazin.com.br', '113cafab03c3018ea7aaf12c8570ab7a823dc214', 'A', 'data:image/png;base64,iVBORw0KGgoAAAANSUhEUgAAAM0AAADPCAIAAADZFsI1AAAAAXNSR0IArs4c6QAAAARnQU1BAACxjwv8YQUAAAAJcEhZcwAADsMAAA7DAcdvqGQAAPNuSURBVHhe7N0HWBRbmjfwmXsNCAiSkZxzzpkGmpxzziA5iAEFSYKCEVFQQRAURXIUFEGQDN3Q5JyD8abJO2lnvre6oGgb9d6ZnZmd3W/n+T/1nDpdjY71u+97Tnfb/uzoUe7/y//ln53/c/Z/+Vfk/5z9X/4V+T9nSKSlZYzxRj5e7ifjojMvpBbcyaksf/C8uba36/kosWtmYnBpbmR1cXxjZXJjZXplYXxhZmRqbHB4qKu781lzY/WTR8W3c7Mzzicfj4n08nDDGxlKSUlT/RL/n+f/R2fSUtL2ttanTsbcyb3+7Gk1MCIDmtxcnaLM1to0OkAf3cn0+vLU2tIkltXFCTTgb3l+DM3S3OjYSG9jbfnNG1fiYqNsra3+P5f3/4szQwP9mKiwwoKb/T0v1pcnPqazHUwYZaiu+YIzlNrKwrYzyOIsCSofmvkpUueLlju5N6LCwwxwOKrf3v/6/G92Jien4OHhnpNzGXofNL6VhdG1pfHPIYNQ2qIcUwaQUTpDbX3sbBxDRulsYWoUqM1NjkBmJ4aHB18V3gVzwRoa6lS/7f+V+V/oTFdXLyw0PPfmzab6qq6XT6fH+hZnh7/gDCOFhXIeHcOz0CdiyNABZosyn3Y2/ZGzmYmh2fG+lTnCxhKpq70hMz3J0tyU6v/I/6b873Gmr6936kTsk8clz1saW5ubXj5vfvXiKaG3dXqsl9rZ6i4yCMYLC+U8OkadQVBkmDPMFrYyQ7PHGWlxZq+zXnC2vkQCahvLo3AcHmi7mpVmbmZC9X/tf0H+xztTkFeICA15VHLvVXtzV3vLq7ZnnZAXLV3tz/u7XowRuuYnBvc6w0hhmKhOUVVUyGAMpFaXYAzXIAs1tJ6htpCHFidQYZiz7cyQABka1NnsJGF6tAecrS0MI87I2SRrg3S/bDh39oSykjLV/9n/ufkf7MzRzj4/N4fU39Pf9bL7ZWtvZ1t/V8dgTyeW4YGuyZH++cmhL/RNzNbW6jRsMNFg2iBw+np9Bk7hufATttZmQdja0gRWumAMwgDW8vwoDGAfAGM0mDOoZ3udzYz1rs4TqZxh1NDxo5I7rs6OVP/H/yfmf54zPj6BiLBjz5urkZIwTpgaJYwRB0eG+ocH+0iEgdHhwYlRwsToEGRqdGhmnDg/BchIy/MkSmdYfUJJQSiFYcGuxLK6CLCQHwID7AfCGH4+GgANvxyCbG50YZY0DztNcuamSWhmp0ZmJredAbL1xRFUFaUzdADZWhmD9HY2xcVG8PMJUP1R/A/K/yRnUpJSCWdOEPrbZyb656eHFmbAEASKxOjs5Oj02MjU2PD0OHFuGrmvUELQVdHiLFQaxARGZH2FunWiwtACRhmqSXguelxbhl6JkEK1ocJggI6X5keX5sc+6QyQoc5mKJxt89qxRRlA9np1HPJmbWJxejAjLVFGWobqj+V/RP5nOJORkUlNPjs93j83NTQ7OQhHuMc7xQNpT2gzgiN50U1cmhtenocLUGGwbBrbRfZxGdsblBQ2hmfBc9FnQVBMMAlH+IWgI6M/fOc3Q878djH7grPpiaHP1TMsaDHDnL1dn3y3MfVmbfJKZpqcrCzVH9G/ef7dnYmKip5PSVyeGVmZHV2dG4PAYHlmdG1+HLK6QC5Uc6SVWdLyDGlpemR5ZnhljgjrHnKg3iAmkCzvIoNQjjFhKKztyRWkyL1eRxZnb9ZntlanVhdG5yYHoY7OTvTDADI91jcz3r8wTVieG1kDi8gvNAaXge/FOQQZoMecocKonGHrM9h1Qj7nDJBhzt5vTkNgnJmRLCYqRvXH9W+bf2tnp+JipkYH1hYnkCzAcRLJwuQqeby+OAXzq4vja0gmVqFuQfWCxTi0MBAGwXolEqQmIR0TYTS1sgjjqfUdcK/XYB8wAXm9Nvl+Y2Z9gTQ+1DnU1Tza/2JsoG20v3W462l7w6Pah7mldy4VZqfdu56afy219Pblyvs5daW3G8vyX7WUD3U0ELobid1PJ4c7FmeG1pfgdzKyOEtcnCHMTxNhQTY7SUSETZEDi8uxvuU54toiCTG6jPzHAMeN5TEI6uz1yujr1W1nAIvSGeTD1jRsVxPij1P9of175t/UmbeXR9fLFuxFUfTVdjTozCezcw10OiSwE4RJpG7BDm6ZfC9XJtbA1srMxurcxursCvIKBWR8E27wIunt2vjSdP/4YFtPa3XRzYsxAS4ngt3iAl2ife2ivG1CXE0D7XHHHAyC7fQDbHSdcQouhkp2unL2+goOOAUfG70wD4uTx5zSTgUU3kxrbXw41NU42NU4Pdq9BU0WcT8K2qDIzc2MTE8SZ6dgKzAABDdWkN/DMjRf+N3Cyg85RbQhlWyFROmMEtn7zckPW1PfvJ6GEPqe+fl4UP0B/rvl386ZtpZWaUkB+gIV9mbijwrbG3jizg+B8fj6CuYMbufU1vocHGHptrUyszY/ug6LvIn+3he193IuRPg6eVrjvW3x/nYmwU7mXhb6Lng1ZyMVFyMVez05K3UxW20pOz15EOagr2CnK+9spOpmomGrK2+jJ+dlpRPkbOxjj/NzMfZ1NA71tSu+kzU59HJ2tGdsqGN2vA+WmNMT/TOTg1OjfXMT/bC0X5qF1SR5P7E0hv72MGdbn3cGyDBn376ZgVSW3dPV0aL6w/z3yb+Xs3MJp1FeGDI0VIZ+NNgTyT8HBkhLwpzBPOwP3m0tbCxNLk+Txge7W+sqbmWmxPi5eNvgrXRVLLWUPMxwSZGBCaE+IU6WHqbaFmpSZioSNloyFuqSDvqKlhpS2hLcKoKscjwMaiKcOlK8+rL8tnryLiZqDgZK2jI8KmLsGlI8OGURGwMlF3MdZwu9EG+7nKxzzxsedzyretVaM07oWJ0nrC3A+mxkfRG2q+SX98i/Q9TZ5srY5upHffPLziDfvZ1NS46n+iP9N8m/izNzM7PnzXWbqzNYPrbyEbsvh9LZ9gxaxlbG11cnIMgyf3VqfXF8erj/VUvjxcQzkX6+Qc52/rZmNtqqDjhNOHqZG4U623pbGDnoqdtoKZgoSZirSDnoK9vrK3ma61hpyxorSzgZquOVxA3kRY0UxfRkBPRlBbQkuFSEEHwqwmw4OX5jFTFjVTEDRRFtWQFtWX4TDRl7Ew0TbTlfJ9OHdy+T+luWJnuXZwagZSNtHVlBbv/3ANV3YxXJ1sebzR1kMxgySmrgDPKqrc7Swozqj/e/Pf8WzlKTE7bWZimRoS+7fy5UjNB86VEoaauTEFgMQbbguDg+OtBxP/f6leRzCVFRsf6BPtaWvpYmTga6oc72wQ7WXhYmNjoaFhrKxkoyulLCetLC+jLCejJCJipSnhY4VzNdUzVZByMtK21lIyVoo2pupnqOBurW2vKaolzyPIzKAsxqAixqwmw6Ujy60rzqYpyaElzKwmwq4hzacnw4ZWEDFZFAV9PGivyFyZ61+aHV+SHshbT1ldE16PLk/ySQrcnf6Oz7d3NwvHA+keoP+b83/83O9HR1muorUVhUztABpR5sjJ5ShuohylNkBgmZ2vLEJuw3F8emiN2N5Q/PRkeEenp4WNqEuHj529i64vXdTQx1pcU1xYU1xIVNNJRt9LUgGhKCSkLcujIiFlpKLsa6RioyquL8MvzsmtIiRipyphqK2tLCZury9voaZmoyupIChrJCRrKCeDkhfSleLfGj+jJ8xkoieCURAwUhbWkeiL68gL6ioJ6ioL+L6e1rycM9T9cXiBuLI7Am21gmrS2T1le3S+/W2qedUSKjdAbI0Pzwbq6tpQqnp0v1B/7flf9OZ+GhxwABkCKrQrNLDSGy44ySFGXQR7EgmD51AThbhXXbMvLC2NrC+Ejfy7LC28knokM93D2trOxwRs7G5vY4nJmasrGyvI6MhKqEiJqkGF5DBacsry0vpacgbayuqCsnriYugFeVM1KR1ZYR1ZGX0FWQstTTUJcSURLmNddUstOHNippoiRppiKlK8GrLsCuLcaNVxS11JAxVhbFK4lCY1VGuiqjggCTihiHuhSvkhinnrJomJ9dz4uqt6ujb4DX0sjaEgnpm2uT0Oi31iZfryHOKKmh9QxbolEWM0pqEHg0OuIY1R/7f0v+25zdunH19focigyrXrvC/muh0oY6W5ofnZsgEHtelhbkXjwbfyI4KOPkKVt9nImaupqYhBTXUSEWBkVBaGrypjoa2opyciKCotycCuJCmrKSWnISGtKiquKCauKCGpLCOnJSBsoKmrIShmpKxpoq+koyppqKeBUZWR5WDVE+AzkxvKK4kZy4oYKooYKYqYqUlY68uYaMkZI4rNLk+JgluRhUxbl1FEQ0ZASUxbm0FYR9nEy6WyvX54dB0sYKtM6xNWT7Ob65Prm1PvEasjH5ZmPq7db0O8jrmXevpyDvX099eDP94e1Ox6RARsnubt5Vqj/8f33+G5xpamo+b64FZHudUVmhPP3poRSGzqwsIq9lLE6Rel40l93Lj48Ij/DyjfT2DXJy9rOz97a2sdbVM9fUwKsqmGiomutpGWqoiPAcPcrEwM5Ax83MwM/OxE63X5CNEajBNdqyEpLcnILszPIiAlYGuv4u9kYaSkBNU1pYU0LAFa9rpCgFTRbGaqK88gKcsvzsWjLC2rIiOnKiJpoKOGUpZVEeJVEeSR4WFXFeIXY6VUk+SV4mN1sDYtfTSWLH+sLwFlLJpmD7ubk2gTjbmEScbZKdIci2nUEA2a6zHWQ/vJ+nHENgc6CtpUl1I/6V+Vc7c3Vxnp8ephT2OWdYkPlV6skvZK+zrbXp5bnRCWLfy8aGMxGRoe7eeGVNR0Nzf3snoGaqrm6lo22gJKctI64jJy3Nzy3Jz62hIKsiIynOz6MAazUZCWleLjl+bnkBbhleLj0FWSNVJWUJEVlhPj1VBVsTgxAfNztjPQtdFX1FCWMVGWM1OS0ZERk+dvGjzCIcR4TYGaR42SV52ARYD/Ox0otxsyiI8GrKiempSMsIcoI2OUFONSl+TTkhvJZcVJAbsadlbX5ka3USShr0zb3O4Ph268edocKwwMrP092F6nb8y/IvdRYXG0XFCwvq7HPBDO3NJy4gn1JqW18cX5gidD17ei3tfOqJ+NPHokNcfFOiT7ubWoEzaz1taz0tIxV5PXkpZTFBSR4Ocb6j0oL8eqpKeC0NM10tLQDHyaYtJa4nJ4mTlzVWU9ZXlFMQEdBTUdCQl5IR5tNXUzTWVsFrKODVYfUmrS4tJCPMLcjOyH2E9ijDIU4GGk6GQxwMNByHD7EjY1pu5sP8bEfkRfiVxPnlhLmF2OjFuZlkBFil+JgtcCrJJ0OnRrqWZghri6ObsBVY3y5pqLOdTAKy9+SmiTmj0rY3oC3+ZDTVTfnX5F/nLOvieapeuTcYLKqgbqCqUc1TBnP2kTCkpE0uzwz3tj+9n5sTdyz8/KmkYGdfdzM7D3Nbe5yRrb6eh6WZI+w0LYxtcdommspGaormupp4TVXonnhNNWMNVfCnIMBjqalqj9Oy0FDFyUvj1RWNNZQCnO0cTA20QKeEkJwgt7wQF9QzaJFKonwK4gIqkqJyIgJiPBwi3Ox8bEy8rExsdIeYaA8w0x5koaPhZKTnYDgEHVmIk1mAjV6QlQ4Km7I4rzQ/i5+zeX35venRro0l0tYatM7xT1HbdfbNu9m9WwHKSkaV61fSqW7NvyD/Imf37uZiyMAEHCnBUeFD3ZBfjPgoSKGC+VWKGXLQ6yEYNbgM2WCuTKySX6GdJvWVFeZfSb2QEpfkbulmZ2AV6R3ggDey1tfWkhVXFBaQ5eU101Q1VpM3VJaxxWnaGui4WuDdLIxNtVSVRPhk+TgUhbnVJPhtdFU9LQyNVWRN1OQ9LIx8bc3czQ1dTXF2Blo6sqJy/Ow8dPsEj9BI87LLCfMi+wZJYYiimAA/KwPXETouRjpeVkYeFgb2w7TMhw7A4o+NgU6Uh1McwsUuxskCv5CyGC9ORepkhM/m0vCbtbHXa7DxHF9bGYXjm52mCdreIy9tzEK+fQOFagHNd2+hXS788H7xhw9LP7yHwa4tkPfd+7nvPsyjKbmfS3WD/tn5pzvj5xOoKHuAYsKcQShJoWPsFA2G6QvZ6ww9kl/FmNpYm15fm5qdGmprqs5KSrqamnn+5Pm0E2n+Tj5BLl5m2prI4l1GVEGIX44fMPGoiQsqifDK8HEqCvNpSYsriwhoy0hoSokqCfOAP0MVabyajLu5ga2+urGqrLa0iJaUsI6MiLmmoj1O01RNXldWVE2MT5aXTYj1sADLYUFWBojYURYFUWiOfMKcrLB1gEBt42JiOHrkMNthWg6mw3zsLKJcnNL8vJLcHMKsjPICR/WVJc4dDwZnWyvDGysj66tjm1DPdpZoKDVw9mHHGcoLjrvO3i/+4sOuM7RpUjqD1NU85Of/131A95/rTFxMoqm+CmO0F9PeoHQgVKQgQAcLOoNdTJm1ZVg7zy0vjME2c3aK0N5al5WScO748RvpV9JPpUE9s9QzN1LXVpWS0JIVUxLl15ASVxAUlOblVhThl+SBBTuHnAAv4JPl51ERE1IVE5bl41QQ5FaXENSVE7fR17DBabhZGLmZG5prqxirK5hrKcNRX0FSU0pYVUIAjooivBLcbPzM9HxMdHAUYIPmyCpylE2MmwNKlwgXpyAHGz8bCx8HCzcrEw/LEQE2FmEONnlBXgVB2J8e1VeScLU2eFR4bWNpaG2JCM4AGeoMEfZmFo6gDQbkF2y3qWHOUGrgDKO27ezd3LfvkWDUXjyrEheXoLpl/6T8E51JS8s8b66j6okQoECpChujp1gwXhDUFlQpNLvO9pQ9tLfC0xdmRmBxNtDz4l7eNX8Xh/MnT2edSU2KTbDSs9RT0JYVFMFrqlvitI21VC1xOtry8qpSkhqyklL83NICvMoSYooiQhJcR6V4uFTFReyMdGHp5mVtBms4KIFSfJzi3Gwy/EdFjrIIsjHKCHBJ8nGCV3VpUQURPmUxARlBHhlBXlkhPkk+Ll6mw+x0B3mYDnMfoec6wsDNxAjCRLmPSvLzwmaWh5UJZoQ52YXYWYXZmKGCKghy6SiIasgKhvjYbiwOba6SwNn2e50USzRABgFtaFWjRLZT0raLGRaoZ1TOIF0djTIy/4oPgv+znAGyFy11mC0wRDnGAiYoT5GZPc5QZFTBHt29BvncIrJXQMbkT21MjPQ21T6+eiHlbHRkXOCxSK/gaL9wb1t3nJKOsri0jaGhlryMjqKctqK8noqqmoy0kriIMCebBC+XFD+fNC+vJA+3uqSEtb5ekKsTXlVJQ0pMQ0pUTUZCQUxQWohHRohPVoRPgIPpKCMdJ+MhVroD3Ez0IjxsMA91S4yHU4L3qAQflzjvUSEOVgF2ZnY6Gnb6Q7AV4GSg52E+wsvCJMbHLcrDJcTJzs/CBPVMlINV4iirsgivupSQgig3XlumserexjIJKhlsBSCADHMGwtC8B2dv5rDuSUFtVxha276n4IXl+28Werqa/gXU/inOoF0+e1oLt3xrjXpBRnmKDqjGaCgLFZUt8EQmtf0oMoM8iqz6kXfK0TcxV6eX5kaf1ZdXPLyXGBdzIf7s6ZDIaN+Q+JDjtjgLe7yVkbqOiY6OpryslqK8kqSkgrikKDe3GPmuCx/lkBcWNlRTw6momGprW+L0oMPKCQqIcXJwMdBxMNJzQ6eDPsh9VJT3KDczI+wcoQPCYgs2kqz0NMgFzEfgUWiOfKzM4rzcUL1gDLCQNRndIXZ6WqAGA352FkFONihsQhwsQuwsElwcopzMYkeZFIS5VST59FTET0f5kAZb15aQdzyp6tmuM+iebxFnlBsCsrOFHyiWaJDvoaSRYVEGnYGq9s9uoP94Z7Dwb6yrwMRQ8cIm4QhFCx1TPQqhrGcYJqqZ3awiyNAgb5avgLOZmbHBhvLS6tLiYA/3QCf3U8GRZ8PiAhy8pHnEVMTl9VU0NOUVZIQFZUVEjh5h4maBBRObvKiIkoS4gqiInrKSn4uziY42nIrxcLPRHmKmOchCc5Dp4AEmGhoGmgMMNPsZaA4yHkLCevgwGyM9KwMcDzPTH2Kmp2OhPwR7SR4WWO8zAkpQBYIF2FmPMh4GbVDMgBrHYWTvyc10GEqdnDC/ODcnOJPi5RDhYJTiZdOQETRSlzbVkc29ljI+0jEz2bu6NALUABn6GgcqDEWGOHu38O37hW/fzcPxu/dQuha/JxcwSlJosDKGncLxh28X21pr/qnbgn+8s/LHxZRiUEZUktDTzzmj6psQynr2iZA/87O2ijhbXRlfWiCtL06szo2Bs+PHAsO8PHPOZ50JjfOycjHXMpLhEzVU1dKQU1AUl5AUEBQ6yiXIyS0uIKyvpnHMy9PZ0sLT3g6EcR1hFD7KKcrNdZSR4ciB/YwH9oMwZlq6wwcP0h3YT7d/N/QHDtDu2wcDBhqaI3S0bIyMHEcYWQEcHQ0cYQXGQW6UqDZeVuizh6HOQT3jYoJ5Bs7Dh2ArqiwuIsUDy0EOSR5WSR4WVahnSmK2Rqrp56KqywsW54bmZwbAGWhbXiDCACtp2/UMkFHkuw+LqCdKUqgqqkl0DM4gsAOlupX/wPyDnRXcuUkpBs3Wxx/EwII6owqKjNIZiuxzWSV3zLXVydW1iZXV8dVV8t/NXJ5amhq+n5sdHx6afurU1XMXTh+L9bV1Fzsq4OvgFuDiidfUlhcTF+LiYaVj5GbmEODgMdLQcTSzUBIT05KX11ZUEOE6ysvKIsx9lJORkYWenpmOjuEgDf0BGjpQdWA/mkP796Gh2fc1BGboDh5goD3EcpielZ72CM0BCDu0yMN0nEcYOBgPw5iXjRkKG1Q1WP5zMdLB5gCaJmxIRTjZYJMLu1Sxo8yinEcURI6qSfGZ68nHR/uVFd8kEdtHRzqA18riMLpKw+rZO3K+eTcP+Zjal5xh81QXPCjOo7qh/6j8I51lXTxPhWZvPmmLMlTOkNXYHltYtrefFM5WVsZXl8Y2lia7WxtPhR07Fx2VEBGdevzcueizoR6BZtqG1gbGDqYWdiZmajLysiISKtKKarLKkvxi+soakT7+zubm8iLCiuJicqLCcmLCglyc7EcYWIEaAwPDIdrDh2jpaWhoDxyg2Qe2wBloQ8bkwUG6gzR0Bw/CGAoeEx0tCz0dIw3N4YMHWOgOATVUG9Ohg5yMh2EViFA7Qg/FDLaiopxs/MyMsA9QkxQBagIsdFK8zFqygroKIo4WuucTo3o66mYne5fmCXPT/dA00VfRMGTvya3zc84oSX1hEj2FXL+aQXVb/yH5hzlD37ukQkMZDBCE6iEslNf8aCWDYM5WV8jIEGdjm+tTo4Od6QknYgP8Th07dvpYRJCLf5hniK+DR9yxcAs9nKGGlpkuztrI1BxnbK5vYm9qa2diDc6s9AyOeXjgNTREuWCNz8UNPY6ViYEWAO2jozlEd4iWkf4wUANSB7/eBzm0H2rbQTK4A2hQbbT7D0B7RdooLS10VWbaQ4wH90NtA3BQ0ljoaDgY6GBnAPUMKhkcxY+yAzJhNmZFET4FYR5ZAU5JbmZ1ST5DFUkrQzV3Bzxp8MUm8mGhUahk6N4TtCGtk8IZSg3ThgH6XLZh7ZmBBhp/Kobq5v7X849x5ursTCWGKpSA0FA9tPcaKlJfCnlZtrwytrxCWl4mba5NjRG6kk/FxIeFnggMSgiLDvMOcTJzdDK3szEyM9XVU5eVU5eRlxeR1JBV0ZBT01bQ9HJwD3b3ttDVVRASEmRj5WI8DEsrRpr9TPSHANn+fT8/sG//wYMHaUHbQZpD+/Yf+Orrg19Dr9wWhmrD5IGzQ/DoV1+BM1i3MR46RLdvH8MBJDva6GArIMB2hB/WZ3QH4QjUBJgZeRgPqYgLqErwy/CxSfMy6yuJuVrjjkd4jw61rc4Tt1bHoYZB9wRnG2vjr2Hj+XoGQuUMpYbp+Vy2nX2qpEE8/tGf7PgHONPU0JyZJICM9eUpTA9lKPWggVq1d4w2SiSw5EcAIZ+ARbO6PAHZPl3BAouzqRXylavL4yvLoyvLyCdR56aGaspKEmNjg929Irz9EyKPh/mEuNm5OVk5Oprbqckoasqr6Ciq6yhqmOka6yprW+ibulg5GGloi3Fzc9AfZqWlhQoEm0o6GihjBw4dBGEHDh6AHDx04CD9gX10X39F+/VXNF///CAcYXG2fz85yEKN7uB+eggs1L7eT/v1PkaaQ/T79jMcPEC/H0F2eP/XcIT9BAstLQstDTczozgvlyAHK8fhQ4IczOLcbIKsDIoiPNJ87PKCHApCnCqiXNaGqlcyTvV11K/OD2+tTrzbml1bGdvamIKQ3+6cfvsaOaLO0OzUsx+nhgZ98RZC6Wx9dVRb6x/5t/T+Ac6ePa1GMX3SGWqIMruePhOsSmEBRpTB5gHZ8jLybubq8tjayujaMmltaXyc0Hv72pVI/yAXS3svO7e4Y9HRIdGRx6JM9E3lxeWFuIR0lLQNVPWNtQwDXH2hyJnqGEkLiPGxsnMwMjDRHIKWB2IO7P/64IF9NDQHaGgO0sL/aA7RADIaGkYoS/u+Ytj/Nd2Br2n2f0VzcB88QM4+WiB4AJF0eP/+w8Dr64MM+w8wQD07sA/65uF9XzOQw7j/ANNBGlbaQ7BW44d2ycXOzczAxUQrwsUiwnlE7CgSBSEODSl+WV4WPUWRU5Hed66f7+to2Fgef/96Hvkw99bM6y0QNvN2axL5SO3racpKhgasUHnaO4MGhCGf+CA7QzeeKLVXHfVUN/q/kv+qs5vZVyg9YbywYLywUKmiCmU3xPI5Z6vL00tLyJcYkJ2NrS6Ori9PzI4OxYWFSfELG2sZhPscO+YZ6O/qZ2/uaKhlrCqrwcPKr6+qH+geIM4rKiUorqOsbqChycXEzEJLB2GCfeUhGnqag3SHDtIeQgoYrMwO09Ez0NLByozxEB1CB7iQX85Adpqw66Q5cPgQDSzjGA58fXj/V0wH90OOHNjPfICGCTYEMDi4nwXaJTlstDSsNDRshw5xHT7MRkfDx3ZEnBf5vIYQ+xEJHlaoZGKcjHIC7FLcRxQEWNXEjmrL8JvpyPq7mVc9ylucHYRl2eoyCSoZGsTZ9keDdoWhocJEFVQSBCtm2CTmDAb5d65T3e6/O/8lZ2EhweDmc56+ECpblPkpziDoPNQzzNnKEmllgbQ8R6ote+BkYYHX1Iv0D4sJjLTQg62lhrGOeZh/FF7HVIhLVFlSWUNeXVFSwUhbX0VGVlVOmovlCCtsCRkYWBkYgBoTPd0RejqgRn+Q5jA4OwRFjoYByaEjcNwPheognNIdOAA5DPUJ9NCCngNH6Q7y0B/ioqPhgeUXAz0/Iy0/LPaZ6AWOwJiOm/4gD2ww6Wm56A7xMdBz09PwHaEVYWOU4gFYLNI8LDK8rHL8rGriPAqCrCoiHDgFYRM1CWM1MXNd2RPhnm1PH28hW4EJ9OMbSN/ccYZ2TEwb5etnWDBPaFBMVMhQXnBEZ2AcHRVCddP/vvz9znR1dVYXJ6gA/WhQkVS2sGDItl+t+LwzNCtLiDN0fba0MAzOJki9EYG+tsam185nZiVd8HHwUpNSlRdR0lbEhfnH2Jo6ifJKKkoqm+ibqCuo6qprKkpLCfEeZaKnYWc6zMpwmIWODhbvzEDtEO3hA8jSivEg0vsYoCzR0LAeomWlpWcia4MOixwPHmQ+ALwO8cIai5FWiu2INCujJDOdPAejKg+LEg8zGgWuIzLs9KJMB4UYD4owHhJmPCTIQCPIcECclV6Kg1GWm1mJn11VmFNRgFVdlAvKGERHht9YVcLBUNlYRdRQWdjFQuvu9eTNpeHX6+Ow8QRq5PUZ9unt3fXZTgPdJoWigVAiw0J5GWWwmW/ezeH0/wF/Oe/vd9ZYVwELMgwQunjHTrFQTmKVj4oXGgzZ3+AMq2dLY4BsfXFspL/TwcI0JiT05qXrx7yCgj0CdZV1tBV1JPmk1WU1NRV1eNn5NRQ1ne1cVBVUeI9ycbOz8nCwsDDQstAfYqEHRofYD9NzMjJwMkDo2WgPcdAeYqM5yEFDw3OYjpeRnhceoqVlo6GBGc5Dh7jpDnHT7BdjopdnZ1LlYsYJc+FFuAwEWc0kuewUhGwVBCzleEyluAxE2bT4GVW56ORYDyiwHVLmPKzATqfGw6TCfUSJi1GFl0lDgFVfkgcnzYeT5deS4FIT4dCW5MYrizobqVhrSRopCenI8YX7286Ndy7O9KyvkDY3xt68RkoaeR+wW8+wUBYq1BOlM/SUahKFhWZ35sN8e2sN1a3/O/J3OktJSsD0oEGdfS7oNT/R2SrUp5/mbHUF9gGTy8h3EyOLs42l8cGuF4Ee7lkp6ZEB4Rpy6vFRp8P9wvCahjg1PSNNA28X7wDPACMdIwEufk4WDnYmZnbGIyx0tMiLqIz0XIz0PEcY+JgZeY8w8B85LMjMAP1OCFoePY0QwyFRZjoxZjppDmZRpsPCjLSiTPRiR2ilWOhkWWi1eJlMxLhsZPg8VEV8NMQ9VQV9tUQi8HIRJhDZUCMZf10xd3V+ZxVea2kOG1kuRyUBewUBV3VxEwkufSEWvMRRE2keS2URSxUxQxl+HUluHSkenJyAhsRRAzkBSzUxOW56nIKAFU7uUmrM8mzf63XYco6/3kJKGvoGFPruE5nXdt/EDKFoKMfoKXYBFngUW5xhM3CEyQsZ56gA/K35e5yZm5mhaDBACJ1PwcIGlIFJ1BOlLfT0o5mPka2ApB1eMEZPV5Ynl5agmCH1bH15fHGamJV2zkBd3drQzN7ENsAtMCowys/Fx87EwkBdU0ZYVICLR0VOUZhXgI2RhZEGmiMdbP2YDhxkp6VD1kzQ+5joRVkYJNmOyHIySbLQy3MeUeVhVeVm0hJg0xZkU+M5os7DrHyUQeUogxYfsyYPg4Egs5OSkLuqULCe1HFTpVPmiqctFRNtlc+7aFz2xl3xM7jqb3TZF5fuoZ3ooHzcQibCWDLKWDrSWCbUQCrYQNpfT9JDU8RNQ9RRVchBXdRSSdBUUUhPiltDFKln2tJ8AM5YQchIQVBT8qiBirCvM351YWBzdXhlmQD1DLac2BtQGLWdIFtIlAslmp8SlBp6PfwQdGxlaU7F4G/K3+MM+czPjhhUEjqAoOUKC/ooVWASg7Wr6uOQX6rYXuxjttABOkazvDSxuAgzyMWvV6cnhrrN9XVtjEwcTG1crJxDfcLM9EEYTl1WTlZYiJeN9SjzESVJWJEJc7Ows9MzsBykYT8I7Y+Wlw5KFL0E0yEZNnolziPqvCwaPMxqRw/rQweUOGojz2sjx+uiKuKuKQ7VCC98BC/EaC/H5aYi4KspHImXOWGhkGSvesFN64q3braffm6QQUG4SXGsZfFxq5I466JYy/xI09xQo+xA/av+uMu+euluGol2SomOagkOGidtVCPMFP0NJN10RK2U+U0V+A3l+LTEjyoKsigLc+rK8BkrCOMVhaV56FUlOU10ZRZnuhdne5cWBlFnaEn7Kc5QNJ8M+ijqCdsHYPNI3s+9etlAxeBvyt/sLPHsKUwPaosye53tDRWpvUGQkZ1RBnOGIYMsLY6vkL+ccWVh9M3q7NhAN3gyUNMM9wsN8w1zsnJVlFRRklYyUNeQExXm52CTExNRlZWRFBAUYGfnZ2bmpqMTOMwgxnREnIlRgf2IJvcRXX5WnACzoSCLuSiboxy3qxK/l5pQgI6olxpfhLH0WSetaHO5YzjRY/rCJ8wVztgqJzuqA5pLPjrZAbicQFx+mFFhpMn9aJOHcRZlp23IsX58yvrhSYv7x82KYk3vH7cojDW/HY6/HqB/2VvnoqdWspNqnLVChJmct56Yq46YpYoQToZXQ5xLXoBNlo9FgY9FTZhdAWqnFLemPJ+Nqers5Kv1FeL62sjbN8hLtRiyzzmjlLQ32KOoMDSUzmCMXgM/MPW/8KVXf5szbS0tKjRU+a8720ZG7QxRRYUMAvVsdXV6bpoIfROc9bU/w6mpuVjaBXsGulq7mepbKUmrGeuZOphbacorqMspyIuJi/PxC7Kz8TMdEWZmhBomzXJEgY1JlZPZQJDdRorLQYbHRZ7XQ1nAT00oXE8yQk/8hIlsoo1SnLFEgrV8hrvGZT+9C56aaS7KMM7y1soJNswLMymINiuMMb8XY1Jywqz0tGVpvNXjs7ZPEu2eJNqXn7MrRwa2j85Yl562Kj1tXXrG+sEpq+ITlnfD8DmB+plemkkuKgkumqGmMs4aghaKfHrS3GqinApCHNK8rDI8LNoS0D0F9BSEZYVYHa20p8debqwOr6+RkH0A8pnHmfev53/UGWVgEgs2gzmDAVXQy+AHQv7ur/L725yh37SIfcHY3m8ag6CfmYbBZ53BBWRSn7C1E/JLYrvOqHktjkJWlkbJ9Wx6cQ75HtrVudGu503Bnp6xwRGwCXC2dLG3cDUzsDI3tPB2dDfRMZAUEBbi5BZg5+A+wsjDQCd8hE6alUGRnVHjKJOxCLeTvICfpmiApkiEvmSciXysoWS8mdw5K4U0e6UMR5VUe7lMV5VsP53bYUZ3IozvhOPvRiLHgijTouOWxScsik9alJy0eHjG8lGCNeRxgl3ZOfsnSfZlSXblkGTk+OQcMll2zu5xoh1c8Pi0dVGMya1Qg0u+OlmB+Dg7VQdVPjN5HpwMj6oIpwQXkxDbYSkuFnleNkUBDk1pAVlhNkcrndfI3xgYQZ0hi7PXc++25j7nDA06RqFQzkNQbVSwIJTm0GvQ6yvLC6lI/MT8Dc68vTy2lexIQo+UgRn0Cz5h/E9yhiJDs7Q4sYR8QcsY1LO1hfHutuaYY8HhfsHejp6Whtb66oY2pg44LUMnayc5cRletqPsh5lZaOiOHj4swHhYjIlOmeuIBheDIT+zm4pQkI54rLHMCROZs5YKydZKCRYyF5xUslxUr7irX3FXzfbRyAvSvRdpVBxnTu6AJg9OWj04afHgpCVSn+KtHpyxepRo/ficzaNkiF1pkl1Zkv2TZAdwVpZk+yTZBo7lKfaVaY4VqQ5Pku2fnLOvTnJ4dNoyPwp/LVAnO8wkwV3bXVvEWPaojjiXqvBRYfbDfEw0giz0klwsIuyHFUSOSvIzmxkoLkz1vt6c2Fgf3dpE3kp/93ru7eZn+yaaz/FCg9n6ZPZWOH8/TyoYPyV/g7POl82UFFAi5NeutsfoADtFl/noEZtEA6eUwS6gnEHIksFRBTaYEFj+Q5YX4ZppcLa8MLa2NDE+3H8mLsYSb+xq72JiYGZtZqOroS8uJCkuJMHNzsNEx3TkAAPrIQZuegZhRgYlLhZDEQ4LcTZnuaOheiKnTKXOWUlnOCpmuqhmuihnuipfclfO9tXMDda9E6p3N0zvXqRByXHj4jjTByfNH52xLEM6o00ZOY8TrMvOWZen2FSk2ZWngic7wFSZYl+RbPckyaY8GWJFPtpUpNhCKlNtKlNtq5LsatOcHp21ygkFZwYXAw2PmciZy/Gq8DJDDZPkZhZgpeVjpedjZeBloZUX4pTmZ7E1UX+9Ovp6c2x1hbgG1F5Pv3kz+/Y1Igz9AgQslKqwYGUJ47WX2g/fwinsMbfz3YfZHz7Mfv9+BvLDN7O/+GZuePA5FYyfkp/q7OSJGAzBbpbJhWfH0McPfcIT+sLYT8xPcba4ML68gNQzcLY0T5qfHi68e9PZ1sbU0FhHTVtDWUNKRJqHg4f1MBMjDS0TDS07Lf3RQ7T8tDTybEf0BTlsZXi81PijjCQSYe3lrHTVUy3HV/OmvxbkVqD27WO69yIMC6OMCqPgaHA/xuhBnAkiLMG6/JxtRZIdBKXzJMkaCUhKsQVnFRCyJwj5AmvKIMjSkGN5kk1VqkNVmv2DM+Z5MUaXjxkew0tbyvOq87EqC3BK8bLxsdLysNHxsDEcZaCR4mdXlxawwautzg++Xh/d3Bjb2Bzf2JzcIm8537+Zef8Gjttfg0BVvaiyY+tzJW0XGRqwRUXt3Nk4Kh4/mp/kTFRUdHJskPKuYxqoTr8wg02ig09OUg7QFgynywvj6JUwgGwLI2dpAeanluZhfmxxfmRhllRf88TKFO9sZ+/m4KQkq8DPycNxhBn5WyQH9nHQHuSlOyh8+IAy5xGcIKuN1FE/TeE4U9lke6UsD41sH61b/tq3g3XzQ3H3wg2Koo1Ljps+PGH+8IQp8IJj6UmzR6fMUWSVyfZVKeSKtYMJnG2XqzQoZnZVkDT7ylQ7SFWa7Z7YwJH8XPJl5+3vnTDJDjdO8tB3UBFU42OWOXpEho9dUoCTl52Bn5NZko9Lko9DQ1rQXF+ZNPBsktQB67PNrYn1jYnXWzPIpx3J7z7tvNdJ/saNPbzQYLYgVKeoMyhgEFQY1DYklM4+IM42V0bExP62fyLjJzk7n3oOQ4CG6pRyEgtlPaN8FB1TPYtysD2G444tMrXtAaWzxYXJ5aXphYWJ+fnRxcXRuZnhproKU0N9Kzw+yNNLTU6Bl5WNn5WFi+4A3+F9Emy0qrzMeHFON1XhAB0xX1WeaEPRLE+tnEDczQCdvGDdgjCD+1H4Elh7xQEpy7J4S4BF5mX68DSSB6dMSuMtHp+1go4J2sh90+pRgsXjRMuyc1ZoVUO1gR5KZ9Xn7arTKMCdR5xVnXeoSXeGy2rSHR8l2tyOMbvgh/fDyegKs8txM0vwcojwcggeZRPmYVcUE5LmP6omKWigLv3w3rXZ8S6oZ+j67O32SxvbQZ1BKG1RhhIWeorNf7KeIebIvFBh6OCHD3NXMlOpkHw5P+5MVlYWGhN6+z8XsgNKMeTxjjPsMqpTqsCzKMa7xYwqqLCFhTFyQBhkfH6etLQ0tjhHam6o0FSR09dQ83J01FdTkxLgF2BmEGOlUeJlsFAQCDVXO+Osf85RO9VRPdlO4ZKHWn4YvjDSuCgK/zDO7PFJy7JTVmWnrR6ftkBTBqrizR/Hm5UiQaiVAj7YVMKqHwkMzEvPmAO1MjI1RNs564pkWH4hwtBqh/bKKiS220HrWZp9dbpTNaLNoSrVqeikZbqPzkkHTTN5XlUhDlEuFm5WRkEuDj52FhlBXik+LiledjVpwczUE6uLw2urIyvLRPI+YObtJlLJqKihej4ZDBk6ppzHnKFV7dv38HNmvns3DdQAGebsFx+Q74uUl/sb/o2pH3d2IT0Fu/3ojd87RgWghtAxOo89Sl5CbUOhnP/kGA3ibOcplKFANrawODEzO7q4PDm/ODo/P7K2MtHb9VxLVV5LSd5cX1dZQgy5PdwsmiJstmrC4dYamYFWN8NtrwfgbwYa3A0xKIoyLomF5gierMvP2lQk2JSftX5yxoocyydnLCoSrJ4kWD6GinXWrCzB/EmiBdQwtJihqYBlPsBKssEGlcm21an2aKqgLSKxgVQmW6NBTsEc1LN0xwpAluFUc96+/oJLeZLjzXDTE/aqDmpCakLIPkCUm1OAkw1KmjgPp6wgjzgXs7aCeM7lpLHhl0sLQ9A6kWJG/sban9g3KVWhp+gMej3qDBWGIvvm3TQEq2cQrHXC8fqV81RUvpAfcSYtJb04t13MdkoR9Y1HH0VDNYkO4AjOKKmh89gF6IDyoe16RjGJPh2Ou8gWxuYXxufmx+YXx+YWRucWRpaWxof6XlqZGmgqypnp6SiJCymL8uvKCttqSETa6VwJdyxO8H+U6F0a71J6wqb0hGXpSXMoWk8SbCrOOVSes6tMtKlMtMYCyCrOWVUkWZWfg1jCgAwF9CCLM0h1qkNNGqzS7MAWBNb1QA0GYAvmITvUEGfV0EzJA2ScagOdtOaCU2W6AxzrM5wbLrrWpruVnHE4567lqSeqJ84hyckgxXdUgp9bjPcorM/khXiUxfmtjTTv3rhQV1k4NdGzuTGxtT7+bnPyLfLXhredfZkaBgsbU16GzlB2TJTa9zvIqPLt2+mf/oUJP+IsOekseuOxoDebEg02j4byIWyMPgU9RY/Ys9AB5U9ATymdYU+HUDpbWBifh9aJOCOBM5gZHu4+fTzCzhRvrqclyc2hLMpnqCDqg1dJ8rO8lxBQnRVVlxXacDGgMsm1PNG+PAFZYyE7x2THqmT76iRbSE2yHTqAYEUIS3WqY02a005gDOCQolWZBOUNtghISatOsas97whBqVWnQoX7KDWwYku3rb3oWH3BsTbDqSHTtTHTo+6CZ1mK67Vwk1h7VStlPtmjdJKcjDL8nPIifIoivHICR1UlBPCaCrlX04YHWzfJX4e2uTYKzj7sfIcolTM0GCNMEgzQeXSMhdIZVtIgn3MGybrwUz/H8SVnfHwC46P96I1H7zd6yxfJ/1guetexSapgV5JPkeupnkVpi3KMBZD9qLN5KGbz4+RihjiD3QA4O3syxsJA38HUyFBZXkmIG68k7m+qejnStexC1NOc+OYbx1uuRdRf8KtJd69Jc4GFUXUaxLEm1aE2xR4LWMFKEUVAiSNKDY7IlpPcJZErz0HbtYLAAJ4Lwj52ZkfmBfNA0L423a4m3a4WQeZYhxQzj6Ys74ZMr6p096IEpysRFmHWSmby3AZSPDpSAipifArC3JJczLL87HhN+bon94j9z2dnBlZWRzfWSK/Xx96sje11RkkNC0aKcowGRYY6Q5H9FGcby8Sf+G0JX3IWExWO3XXsZoMV5F+WnCVhaNBJdB4dYA9hp+hTsGdR/tjPZcfZ9i+BhcwLVmNI5uYgY3NzJNgHwPoMZqYmCTevXdJTVTbRVlcTF1YXF9AU5fbUl8mJ86q5dqr1TtLz3NMt2dGNl4/VZ/nWXfCoTYeG5QQm6tIc68mpAyI7Xa8GNoPkVCG7ReQ1CBBWe94ZQqaGFDNQhVS+RFjhWUJgUA0VEXkuigxxVrPjDEGGOjtvW5sBO02H2nTn+gsegKwhy7vukveTDM+icy4XQ0yj7FR9DOVtNCXVxXjk+Fjl+NjUxHmdzfReNleMkzpnZvrBGfkjaJPod4hizlBqGDgghQ4gmKq98rBQFbMvOIO1GuT0ySgqNp/Ml5y1v2hEby3cdew2Y2gwQ1goJ7GL0XnI/Azy+hZ6DTyEYto7wIIgo/hFsWDIyMHMkebmhmdnR+Zmx6qelGooymkryGnLSmpICKkIsrtoiN2J92u8eba9IOX57bPNN+OarofVXw6oy/SszXCtS3eANKY7NWW4QBrgxmc416U7QdCahIg5v526dBc0ZGpQ2+zRPos6Q+sZzCDVcee5qC20mG3nvO12AC6oTXevu+hVn+XTcNWv9rJPZaZvSbJnTqx9gjvOTV9WXZRTSYhdUYDdRF3mSsqJ+fHe+dnBRdhyro8jr25A1rfrGWVJ+y86w5BBqHihQZFBiAPPqNh8Mp915uzkiN5jVAA2hjuNcUGPlEEvoLwYgl6PBb0AxYRehg7Qmd1JctAx+nPQUCAbnSf/s71kZCOzs4izxYXJlqY6ZRlJTTkZFVEhbSlhbXEeP0P5x+cjWm8nv7ib1Hwr/unN4003IhuvBtdnedVdcKnPcGzMcGi64PT0giuk6YJrwwUXCKYNUpPuiAYVhtYz8vrMvga6JJkaCEORQdutS3XAUn/evgEop9lBalJta6GwpdjUpFjXplqBueo0xFntBa+6Sz71l33rr/jWXfOvuRxQcTEwP979pDseJ8unLMiiIc7liNd4XHB1sLtxdrp3FZrm1uTW1sTrzYk3m9v7AEpnWDBSqCq0OX5LMUkVzBnsAOAIYyphaDBnMPZ0d6bCszefdVZ8/87iwhgSuM2QnfEC3Gm4u3OoM7jxgADJEjnYKWXgMsogXOZHlxZ2Qh5Df8SEoZ7QMXYKvyg5u8jmgNcs+Z+ERoQNzwI15NHJF61PrYwNRbk41ET4zZWkXHUVk7zNa6+daitIa71zriX3dPPN2KfZEU3Xghsu+cDaCEg9veDcfNG1OdPtaaZr00WXxp2g4BBzF1zqMlzqLjg3wHIqA3aISOrSHWvTHarBCtIWyQ0UdgBQyVLB2XbI5uzJvdiu7rw98ooG8nKaVWWqZTXsKpCnOFanudRkuNdmegK1OnB2NaDualDd1ZDyi0FZEQ5GsjyK/EwaUrzOlriuF1UbS8MrC0Obq6ObUM/Wx15vjL3ZHIfW+cnuiTqjBLftDCldcAqT8BBcOY2OIVgZQ51BPu6bO7woUl1+jwrP3nzamZKS8s5CG7mj6Bg7hfUQWpYW58axLEFmd0+xLMyCM6qQFudHlhZI1PkYFuUYcMMvigb7PcySncFPgzI2A5kbmZ4bnZmfGCb2Z6adk+HnUhPkCjLXvxTuWXYhruV2youCNKhnz/JOP70R3XgtFOpZ4yW/xkzvpoueLZlezVmezZc8nma5NWUCLGdA1pTp1njRFT02XHCrJ4fsDx5FUn/Bse4CNFM7cuyrYRmH7BIcoMIhmwkEmWNtikNNsmNNChQ/qI7OcFllqm1lqnV5shX03ArymwqVKY41F9wQZ5d9ai/7IciuHavPDqu+GpoX720kyaHAd0Rdht/RxnBqrGd9mbS5THq9QoLl/5uNcUD2ZnMMdUZFDeVFGXCGlTSsOWKeKMcwwELpbLuMvZv+xftZND+8m/nuzZSKijIVIap82ll8/AnsdsIRE4bOQODukrOrB5BROaN8lDIInfkRNBgvDBYWVBia+dltZJRBnZHr2a6zaSifC1NNNU9kBTg1RLhOe9rUXE9pK8xqLbjQcjettSC5JfdM043YxmthDVeCGrJ8Gy56NVz0bLro9RRx5gV5muneeBG0eVCm4aI7pDHTA0mWG5qGTNf6i0iRg8BmAlZaUJmqU5yrkpFUp8DYrSrZtSrJHVKR6Fqe4FJxzrk80flJgmN5okNZvHXZGeuys7ZliXblqU7VsCnJ8qnK8qu6HFR99VhNdkRNdvSdRH8rFWF5PgZ1Wb7IEI/XmzMri8MbyL/LOQrLsteb46+3INTOPkeN0hlmC8BBr4TA+MPbKXQSQ0bZN7eRIc5mMGffv50GZ6lJp6gIUeXTzlpbGzBSmDA06CQZGTRBCj0z5FA4+xw1pJnOQ0mDigjUPuEM44UGfq1POgNYIGx+ZrueTc8OT82SpmZIi0tTHS8ahDkZNUSORjuaNN/OfFZwqe3+5daCi8/vpjbdim+4Htt4NbzuUlDdRd+6dC9keZTmVnverT7dvT7dA0kGDNzrM9wayIFBHWwXMlyhnoG2+oseSC6416HzyI7Vtfa8S02aa3Wqa1WyC9iqTHKuOOcEqirOuZLjXp7oVnbGtSLR48lZt0enXWBcesrm4Wnrh/E2jxLsnqQ6V2V4wg6gItO/4nJQxZWQymsRlddjbicF2mpLqIqxWRoo3L6RBsjW1ybWVscg6+ujGxtjm5vjsEqDJdoXnGEDzBm5byKYABYcUW1ohcOEofOQXV7kIG9DvZuGMoYFqBH7WqgIUeUTzkxMTODOQeBeYrDQMZYdARR6yM62xx9r2xNEEloR0Z8DoUKGPoqF0hn6e0NsIc5Ic9OkmZlhzNkk7GoXJ7o6mlVlBFWF2IIsdFryL7cX33hZktN6L+v53fNPb52tvRJTfymsNiuwOsOn+rxndapbZYpLVYprdbIbhAzFBaBUJjlCcdpOqmMt+RWNOlhIZXjUwjHdrea8K9iqSd2uYeSnuFQkupSfcyxLtH901qb0jM2jM3YPT9uWnLIrirO5f9yuOM7hfqx9UbTD/eOORcdtYbLopO3903YPEp0epbiXX/Atz/SvuhpSeTWs4lpY5fWo3KQgY2UBFREmdyutjpbHKwuEldXRFeSb3sZgsLpGWt8Y29hAnH2SGuYMHaPO0JBXY4izD28nMW0QyjEExgALfYsTc/bd22mwhQbTZvXFf8T4E84uXEhF7twMsn1DtaGhNLejgcIZuXX+BGQQ9Cm7yNBQOIN9xvAXnKG/N3CGtMuZXWeTM8RJGM+PEgY7085Ga0rweJtoNBdc6Xx4u/1+9rO7mc/vZDTmnK27Glt/OaL6YsCTFM/HUGYSncsSoJdBX3MtO+vy+KwTpDTeHnw8PmNXnmBXmWhfeQ52lLCvdKhMcUKSDHGsSLKvTLKvQt6wsq9IcCg/Y18Wb//4tP3DU9YlJ8zvnzArijMriDXJizC8HoK7fswwO8T4kr9hhpf+eXe9dA/cOSfNNE/dK0HGtyIt80853E9weZzmXZbhW3U5GPpmxZXgquvhOWd9DORhH0DngJMmtFd82JxYXhoBZ6trYwgyyPrY+hedocg+5Wy7aL1/A0+ZgCPZ3HbfxJBhzlBq22MKZxi1W9kXqCBR5hPOurqeo8Iwbdg9xrIjYAcZ6PnM+oxyBs3O/DYvDBNkZxLZKFDOUzpDf1dIYEE2gzkbnp4FZIizyemRleWpKVK3oZK4k55iR2led1nBy/s324uuvsjPrLse33j9ROP1mMr0gOJ458JTDsUnHYtPOtyPcyyItr0TbnE3yqowxvZejPW9GBhYlBy3KD1pUXbKsuyUxZPTlk8SbMrOwqKK/HZ7vMWTeMsnpy0en7IoPWFREmteFGV2L9LsbrhpXqjxzWPG1wIMMn10k1zV4x1VTzmoH7dVCzKSclUTsFfgtpbmsJZmNxSgtZQ8Em2leDHQOCfKpjjR41GqV8VFv8qsgKqsgNprIbcSvVWFjuiLH/E3UyjLOfdmfnAL+W7UydX18Y310c01yMTm+tSbzcmf6Iwiu87QoM72ds+9zqBvUjpDqc2Od1FBogy1MzMz06kpuIuk6ekRCPkuQgkZnUHu6G6FgxtPFgBKdjIzujiDjhFG8zOjaHZ4bYskZ/shCPkU+VFz08MQWNQjL+fOQbbrGTozhy72MWEzw9PTxKkZ4jQyht8qcXqaMDUzRHZGnJgaXlgYnxjpMVaXtdaUffEgr/vJvbbim88Lrj69ld5441xlZuzDpKCb0Q7nvfQv+hldO2ZxKcDkkp9JqotuuL54qL5ovJViurvOjWDTLE/tbH/9gnDjkmjTB1H4R7GmD44bP4jDP4wzLj0BwZfG4UtjjUpi8EWR+NvHDLL99C55amW4aqc4aJ+2UgvUFvdQEXKQ57OVFzCT4cOJcWoLsmlBhJCjOh+jOs9hPUEmGwUeK2nWeGetK6EWhbBugyp73qss3asswzsj3FqRm85emfdKuH319dPEZ2Wbi6PkL0kdX18d2Vodfr06vrmKfGPta2TvSV3VKJGhgUn0UQCEeUJ7JToDzuAUZYdOYshQZ9+CRbItWP5/92aSfJxCtdlYffbvElM7S01NQnlROiPno9u8Y4JCzDSS7fEuqd1gV87PwBgLOrPtCcnsMILsi87IsLadkX+fZGfTQzCDOpubmyD0dVoZaNjoKbeU5L18lN/xMP954Y3aG+efZJ6+EeMVY6UeZqLopSXiriEUgJP21ZUM0JcJN1V1kOXG8dJaSbB4aQidtFELw4mdsVK46qN3y1//TjCuINSgKNKwKBJXFGlQHGVwP1KvMEK/MMLgbijuVjDukrd2oo1CiK6guwKXvSSXlfhRvBCHFjeLCgeTFBO9MMMhgcMH+RkOCDHRinMeluFhUuBhU+FlV+Vh1hNm1+Zj8NAWj7BQTvM1zDvukH/aMfe4zfUos1gXbS2hIwmu+qVnvMtSghvvXtycHyY7G9tYI75eIb5eHQNnm+sT2598RN6JmkD+KtSbqXdvpt+9nX4PeTcDQWsbdkQNYbawoPhQZOgp6uyjADUyr29fT0LQMeTapc9++JHa2bNn9agwLJ90NjtFnJ0Cahidj5whp2RbsGjDGiX20Nw0ZIwcGCALeQiFMyIaDBnkc86mkAHibGpqaHJ6cHKaMDEN/XR8fn5qfHgwyNXeSlul9fH9zorS5yUFLUW5zQXZ148HxzgYeerJ2SkLa/AcVmA9qMbFKMt8UOTQz+SYaRRYD8kxH1Rko1XhpMWLsNlIcvqoCZ62Uk6yVb7krnXDVw+03Tmmd+eY7u1g3bwgnbwg3ZvBelf99FJdNI6by3mp8RsL0qux7pdl3Cd26OeitAd5DxzkPUTPvo+GdT8Ny0EaDnpaHhY6fo7DghyHRdiYpY+yS7IdUeXh0BHksFYU8dKXC7dUS/TGpweZJ3jjTrpph9hpxjjj78Y4F4RaJFjKPboQtz4zsLo6vrw2sr46+HqVsLVK2lib3Fgjt9EdapC3b6Yg4AyhRnYG4NCSRtU3UWfY25oosp/ojCpf2HV+5ExdXX16eruSUYbKGdxX1BmmBIECmcLQ7FKj4IVdjDlDAzMju31zx9m2MPI8BHWGCiPDIoAqcAZdHsbIKRLixPTI+CR09kniYI+MoICOjGTD/YKWRw8q8/Oyz52+kXDiuKeDh5Gmlaq0vgS/NBuDKBO9KDODAAM932E6XnpaEeYjwkyHeWn3ix6hlWVnUOc+YiZ+1E9HKtxAJsFaPd1ZG7Rd89K54ad/w1f/qpdulqdOuptWoqNmlIWyl7aUqRSXEgedxBEa4SN0IkxMoizsvAwcTPuZGb4+wkrLzsHIwcHIzM5Iz8fJICnAIcvPryYmriwgoMTLrcbHZSglbCYnaqch42mkGmCl42OhfsxB/3yMd8ejnFvHLOINBC67afY9zt5CtpyIs9W1gc3VwY1V2A1M7HWGfCsCmdqutp3WuaMNEYa2SKxLAixsBr0AmdwbipUZhJKalqYGpSgsHzkLCzsGquDOYcIoxtv3GKW2fe+nRrDMwd2F7GL6KOg1M5PoU+B0lCLoQwSyXeLcDGGvs1moUh8jQ50BLPgdTk4OQSamhiYmiWOTI/2DvZWVT9KSEtkPH5bh47t2LjEn/XxSTLSbuamFpqqyIK8UB7MEO7MYO7MQC7MgUGCCcPCzcjHTHGbYd5D5IC03I5M4B6coC7M8J6s6D6uJOLedDK+XinCorsRJY9mz5vLnrJXOWi', 15.61);

-- --------------------------------------------------------

--
-- Estrutura da tabela `categoria_ticket`
--

CREATE TABLE `categoria_ticket` (
  `idcategoriaticket` int(11) NOT NULL,
  `nome` varchar(255) NOT NULL
) ENGINE=InnoDB DEFAULT CHARSET=utf8;

--
-- Extraindo dados da tabela `categoria_ticket`
--

INSERT INTO `categoria_ticket` (`idcategoriaticket`, `nome`) VALUES
(3, 'App Jornada'),
(11, 'App Logística Gazin'),
(9, 'Biblioteca Gazin'),
(4, 'Excel'),
(15, 'Outros'),
(7, 'Portal de Agendamento'),
(6, 'Portal de Faturas'),
(1, 'Qlik Sense'),
(13, 'Sabium'),
(8, 'Sinistros Gazin'),
(2, 'Sistema Jornada'),
(12, 'Sistema Logística Gazin'),
(10, 'UniGazin'),
(5, 'Verbas Gazin'),
(14, 'WMS');

-- --------------------------------------------------------

--
-- Estrutura da tabela `entidade`
--

CREATE TABLE `entidade` (
  `identidade` int(11) NOT NULL,
  `nome` varchar(255) NOT NULL
) ENGINE=InnoDB DEFAULT CHARSET=utf8;

--
-- Extraindo dados da tabela `entidade`
--

INSERT INTO `entidade` (`identidade`, `nome`) VALUES
(1, 'Gazin');

-- --------------------------------------------------------

--
-- Estrutura da tabela `log_ticket`
--

CREATE TABLE `log_ticket` (
  `idlogticket` int(11) NOT NULL,
  `idticket` int(11) NOT NULL,
  `datahora` datetime NOT NULL,
  `idatendente` int(11) NOT NULL,
  `idsituacaoticket` int(11) NOT NULL
) ENGINE=InnoDB DEFAULT CHARSET=utf8;

-- --------------------------------------------------------

--
-- Estrutura da tabela `prioridade_ticket`
--

CREATE TABLE `prioridade_ticket` (
  `idprioridadeticket` int(11) NOT NULL,
  `nome` varchar(255) NOT NULL,
  `cor` varchar(255) NOT NULL
) ENGINE=InnoDB DEFAULT CHARSET=utf8;

--
-- Extraindo dados da tabela `prioridade_ticket`
--

INSERT INTO `prioridade_ticket` (`idprioridadeticket`, `nome`, `cor`) VALUES
(1, 'Baixa', '#3498db'),
(2, 'Média', '#f1c40f'),
(3, 'Alta', '#c0392b');

-- --------------------------------------------------------

--
-- Estrutura da tabela `situacao_ticket`
--

CREATE TABLE `situacao_ticket` (
  `idsituacaoticket` int(11) NOT NULL,
  `nome` varchar(255) NOT NULL
) ENGINE=InnoDB DEFAULT CHARSET=utf8;

--
-- Extraindo dados da tabela `situacao_ticket`
--

INSERT INTO `situacao_ticket` (`idsituacaoticket`, `nome`) VALUES
(1, 'Pendente'),
(2, 'Em análise'),
(3, 'Finalizado'),
(4, 'Cancelado'),
(5, 'Recusado');

-- --------------------------------------------------------

--
-- Estrutura da tabela `ticket`
--

CREATE TABLE `ticket` (
  `idticket` int(11) NOT NULL,
  `titulo` varchar(255) NOT NULL,
  `descricao` text NOT NULL,
  `datahoraabertura` datetime NOT NULL,
  `datahorafechamento` datetime NOT NULL,
  `dataprevisao` date NOT NULL,
  `idusuario` int(11) NOT NULL,
  `idatendente` int(11) DEFAULT NULL,
  `idtipoticket` int(11) NOT NULL,
  `idcategoriaticket` int(11) NOT NULL,
  `idsituacaoticket` int(11) NOT NULL,
  `idprioridadeticket` int(11) NOT NULL,
  `ip` varchar(255) NOT NULL,
  `navegador` varchar(255) NOT NULL
) ENGINE=InnoDB DEFAULT CHARSET=utf8;

--
-- Extraindo dados da tabela `ticket`
--

INSERT INTO `ticket` (`idticket`, `titulo`, `descricao`, `datahoraabertura`, `datahorafechamento`, `dataprevisao`, `idusuario`, `idatendente`, `idtipoticket`, `idcategoriaticket`, `idsituacaoticket`, `idprioridadeticket`, `ip`, `navegador`) VALUES
(22, 'Estou sem acesso ao QlikSense!!', 'Estou sem acesso ao Qlik, preciso urgente que consertem para mim!', '2019-12-20 15:47:19', '2019-12-20 16:00:00', '2020-01-20', 2, 1, 2, 1, 3, 1, '172.17.8.56', 'Chrome'),
(23, 'Preciso de uma visão com o pis dos motoristas', 'testwtetetsaeteteaststetete', '2019-12-20 16:13:51', '0000-00-00 00:00:00', '2019-12-27', 2, 2, 3, 1, 2, 3, '172.17.8.56', 'Chrome'),
(25, 'dsfsdfsfsdfsdfsdfsdfsfsfsfsdfsfsdfsdfsfsfsdfsdfsdf', '', '2019-12-20 16:59:34', '0000-00-00 00:00:00', '0000-00-00', 2, NULL, 1, 11, 1, 1, '172.17.8.56', 'Chrome'),
(26, 'teste', 'teste', '2019-12-20 18:31:14', '0000-00-00 00:00:00', '0000-00-00', 2, NULL, 2, 2, 1, 1, '172.17.8.56', 'Chrome');

-- --------------------------------------------------------

--
-- Estrutura da tabela `tipousuario`
--

CREATE TABLE `tipousuario` (
  `idtipousuario` int(11) NOT NULL,
  `nome` varchar(255) NOT NULL
) ENGINE=InnoDB DEFAULT CHARSET=utf8;

--
-- Extraindo dados da tabela `tipousuario`
--

INSERT INTO `tipousuario` (`idtipousuario`, `nome`) VALUES
(1, 'Básico'),
(3, 'Gerencial');

-- --------------------------------------------------------

--
-- Estrutura da tabela `tipo_ticket`
--

CREATE TABLE `tipo_ticket` (
  `idtipoticket` int(11) NOT NULL,
  `nome` varchar(255) NOT NULL
) ENGINE=InnoDB DEFAULT CHARSET=utf8;

--
-- Extraindo dados da tabela `tipo_ticket`
--

INSERT INTO `tipo_ticket` (`idtipoticket`, `nome`) VALUES
(1, 'Dúvidas de usuário'),
(2, 'Erros de sistema'),
(3, 'Novo desenvolvimento');

-- --------------------------------------------------------

--
-- Estrutura da tabela `usuario`
--

CREATE TABLE `usuario` (
  `idusuario` int(11) NOT NULL,
  `status` enum('A','I') NOT NULL,
  `nome` varchar(255) NOT NULL,
  `telefone` varchar(11) DEFAULT NULL,
  `email` varchar(255) NOT NULL,
  `senha` varchar(255) NOT NULL,
  `idtipousuario` int(11) NOT NULL,
  `identidade` int(11) NOT NULL
) ENGINE=InnoDB DEFAULT CHARSET=utf8;

--
-- Extraindo dados da tabela `usuario`
--

INSERT INTO `usuario` (`idusuario`, `status`, `nome`, `telefone`, `email`, `senha`, `idtipousuario`, `identidade`) VALUES
(2, 'A', 'Luana Isabela dos Santos', '44991145646', 'luana.santos@gazin.com.br', 'de979380332bcdff326f9aa2571e78bc003edf41', 1, 1);

--
-- Indexes for dumped tables
--

--
-- Indexes for table `anexo_ticket`
--
ALTER TABLE `anexo_ticket`
  ADD PRIMARY KEY (`idanexoticket`),
  ADD KEY `fk_idticket` (`idanexoticket`);

--
-- Indexes for table `atendente`
--
ALTER TABLE `atendente`
  ADD PRIMARY KEY (`idatendente`);

--
-- Indexes for table `categoria_ticket`
--
ALTER TABLE `categoria_ticket`
  ADD PRIMARY KEY (`idcategoriaticket`),
  ADD UNIQUE KEY `nome_UNIQUE` (`nome`);

--
-- Indexes for table `entidade`
--
ALTER TABLE `entidade`
  ADD PRIMARY KEY (`identidade`);

--
-- Indexes for table `log_ticket`
--
ALTER TABLE `log_ticket`
  ADD PRIMARY KEY (`idlogticket`),
  ADD KEY `fk_log_ticket_ticket1_idx` (`idticket`),
  ADD KEY `fk_log_ticket_atendente1_idx` (`idatendente`),
  ADD KEY `fk_log_ticket_situacao_ticket1_idx` (`idsituacaoticket`);

--
-- Indexes for table `prioridade_ticket`
--
ALTER TABLE `prioridade_ticket`
  ADD PRIMARY KEY (`idprioridadeticket`);

--
-- Indexes for table `situacao_ticket`
--
ALTER TABLE `situacao_ticket`
  ADD PRIMARY KEY (`idsituacaoticket`);

--
-- Indexes for table `ticket`
--
ALTER TABLE `ticket`
  ADD PRIMARY KEY (`idticket`),
  ADD KEY `fk_ticket_atendente1_idx` (`idatendente`),
  ADD KEY `fk_ticket_tipoticket1_idx` (`idtipoticket`),
  ADD KEY `fk_ticket_usuario1_idx` (`idusuario`),
  ADD KEY `fk_ticket_categoria_ticket1_idx` (`idcategoriaticket`),
  ADD KEY `fk_ticket_situacao_ticket1_idx` (`idsituacaoticket`),
  ADD KEY `fk_ticket_prioridade_ticket1_idx` (`idprioridadeticket`);

--
-- Indexes for table `tipousuario`
--
ALTER TABLE `tipousuario`
  ADD PRIMARY KEY (`idtipousuario`);

--
-- Indexes for table `tipo_ticket`
--
ALTER TABLE `tipo_ticket`
  ADD PRIMARY KEY (`idtipoticket`);

--
-- Indexes for table `usuario`
--
ALTER TABLE `usuario`
  ADD PRIMARY KEY (`idusuario`),
  ADD UNIQUE KEY `email_UNIQUE` (`email`),
  ADD KEY `fk_usuario_tipousuario_idx` (`idtipousuario`),
  ADD KEY `fk_usuario_entidade1_idx` (`identidade`);

--
-- AUTO_INCREMENT for dumped tables
--

--
-- AUTO_INCREMENT for table `anexo_ticket`
--
ALTER TABLE `anexo_ticket`
  MODIFY `idanexoticket` int(11) NOT NULL AUTO_INCREMENT;

--
-- AUTO_INCREMENT for table `atendente`
--
ALTER TABLE `atendente`
  MODIFY `idatendente` int(11) NOT NULL AUTO_INCREMENT, AUTO_INCREMENT=3;

--
-- AUTO_INCREMENT for table `categoria_ticket`
--
ALTER TABLE `categoria_ticket`
  MODIFY `idcategoriaticket` int(11) NOT NULL AUTO_INCREMENT, AUTO_INCREMENT=16;

--
-- AUTO_INCREMENT for table `entidade`
--
ALTER TABLE `entidade`
  MODIFY `identidade` int(11) NOT NULL AUTO_INCREMENT, AUTO_INCREMENT=2;

--
-- AUTO_INCREMENT for table `log_ticket`
--
ALTER TABLE `log_ticket`
  MODIFY `idlogticket` int(11) NOT NULL AUTO_INCREMENT;

--
-- AUTO_INCREMENT for table `prioridade_ticket`
--
ALTER TABLE `prioridade_ticket`
  MODIFY `idprioridadeticket` int(11) NOT NULL AUTO_INCREMENT, AUTO_INCREMENT=4;

--
-- AUTO_INCREMENT for table `situacao_ticket`
--
ALTER TABLE `situacao_ticket`
  MODIFY `idsituacaoticket` int(11) NOT NULL AUTO_INCREMENT, AUTO_INCREMENT=6;

--
-- AUTO_INCREMENT for table `ticket`
--
ALTER TABLE `ticket`
  MODIFY `idticket` int(11) NOT NULL AUTO_INCREMENT, AUTO_INCREMENT=27;

--
-- AUTO_INCREMENT for table `tipousuario`
--
ALTER TABLE `tipousuario`
  MODIFY `idtipousuario` int(11) NOT NULL AUTO_INCREMENT, AUTO_INCREMENT=4;

--
-- AUTO_INCREMENT for table `tipo_ticket`
--
ALTER TABLE `tipo_ticket`
  MODIFY `idtipoticket` int(11) NOT NULL AUTO_INCREMENT, AUTO_INCREMENT=4;

--
-- AUTO_INCREMENT for table `usuario`
--
ALTER TABLE `usuario`
  MODIFY `idusuario` int(11) NOT NULL AUTO_INCREMENT, AUTO_INCREMENT=3;

--
-- Constraints for dumped tables
--

--
-- Limitadores para a tabela `log_ticket`
--
ALTER TABLE `log_ticket`
  ADD CONSTRAINT `fk_log_ticket_atendente1` FOREIGN KEY (`idatendente`) REFERENCES `atendente` (`idatendente`) ON DELETE NO ACTION ON UPDATE NO ACTION,
  ADD CONSTRAINT `fk_log_ticket_situacao_ticket1` FOREIGN KEY (`idsituacaoticket`) REFERENCES `situacao_ticket` (`idsituacaoticket`) ON DELETE NO ACTION ON UPDATE NO ACTION,
  ADD CONSTRAINT `fk_log_ticket_ticket1` FOREIGN KEY (`idticket`) REFERENCES `ticket` (`idticket`) ON DELETE NO ACTION ON UPDATE NO ACTION;

--
-- Limitadores para a tabela `ticket`
--
ALTER TABLE `ticket`
  ADD CONSTRAINT `fk_ticket_atendente1` FOREIGN KEY (`idatendente`) REFERENCES `atendente` (`idatendente`) ON DELETE NO ACTION ON UPDATE NO ACTION,
  ADD CONSTRAINT `fk_ticket_categoria_ticket1` FOREIGN KEY (`idcategoriaticket`) REFERENCES `categoria_ticket` (`idcategoriaticket`) ON DELETE NO ACTION ON UPDATE NO ACTION,
  ADD CONSTRAINT `fk_ticket_prioridade_ticket1` FOREIGN KEY (`idprioridadeticket`) REFERENCES `prioridade_ticket` (`idprioridadeticket`) ON DELETE NO ACTION ON UPDATE NO ACTION,
  ADD CONSTRAINT `fk_ticket_situacao_ticket1` FOREIGN KEY (`idsituacaoticket`) REFERENCES `situacao_ticket` (`idsituacaoticket`) ON DELETE NO ACTION ON UPDATE NO ACTION,
  ADD CONSTRAINT `fk_ticket_tipoticket1` FOREIGN KEY (`idtipoticket`) REFERENCES `tipo_ticket` (`idtipoticket`) ON DELETE NO ACTION ON UPDATE NO ACTION,
  ADD CONSTRAINT `fk_ticket_usuario1` FOREIGN KEY (`idusuario`) REFERENCES `usuario` (`idusuario`) ON DELETE NO ACTION ON UPDATE NO ACTION;

--
-- Limitadores para a tabela `usuario`
--
ALTER TABLE `usuario`
  ADD CONSTRAINT `fk_usuario_entidade1` FOREIGN KEY (`identidade`) REFERENCES `entidade` (`identidade`) ON DELETE NO ACTION ON UPDATE NO ACTION,
  ADD CONSTRAINT `idtipousuario` FOREIGN KEY (`idtipousuario`) REFERENCES `tipousuario` (`idtipousuario`) ON DELETE NO ACTION ON UPDATE NO ACTION;
COMMIT;

/*!40101 SET CHARACTER_SET_CLIENT=@OLD_CHARACTER_SET_CLIENT */;
/*!40101 SET CHARACTER_SET_RESULTS=@OLD_CHARACTER_SET_RESULTS */;
/*!40101 SET COLLATION_CONNECTION=@OLD_COLLATION_CONNECTION */;
